Gmt time,BTC,ETH,SIE.DE,USD,CHF,AAPL.US,ADA,CAT.US,DIA.US,GOOG.US,MU.US,NFLX.US,NVDA.US,SNOW.US,SPY.US
2023-09-01,23972,1515,137.635,0.927721238322309,1.0484158436602293,175.75400543644648,0.2569787830152796,265.528661947658,323.85542392221987,126.89000009277214,65.32734643894203,408.1760072733345,44.98390403651511,145.33402603185797,418.6212206956054
2023-09-02,23972,1515,137.635,0.927721238322309,1.0484158436602293,175.75400543644648,0.2569787830152796,265.528661947658,323.85542392221987,126.89000009277214,65.32734643894203,408.1760072733345,44.98390403651511,145.33402603185797,418.6212206956054
2023-09-03,24145,1521,137.635,0.928005345310789,1.0484048520176552,175.80782865309305,0.2561294753057778,265.6099779134728,323.9546019785074,126.92885911022849,65.34735240074983,408.301007813805,44.997679986636726,145.37853338035228,418.7494199966592
2023-09-04,23975,1513,138.079,0.9266552379187323,1.0473397570171763,175.55205485799007,0.25668350090348885,265.2235555761479,323.4832970393365,126.74419682157254,65.25228188852337,407.7069916137701,44.93221516934625,145.16702960663486,418.14020293749707
2023-09-05,24093,1527,137.986,0.9324270142754576,1.0484048520176552,176.85902635971166,0.2554850019114754,262.41946161664197,323.53072813225543,127.45997557041223,65.5179165850793,418.3119341333557,45.24564789691087,148.5990284110511,418.9366602329203
2023-09-06,24067,1526,137.497,0.9324878776575904,1.0461673658551895,170.50261096605743,0.25923162998881016,263.6022006713913,321.6952629615815,126.2178291682208,65.66206639313688,415.6443491234614,43.8899664304364,146.45374860126816,416.06303618052965
2023-09-07,24585,1544,136.813,0.9347803733512811,1.0471533137166613,165.91042934462544,0.25612982229825104,263.04439271993044,323.11337951148374,127.30493470559092,65.3093655645606,414.0946184693906,43.199659739944096,149.3012516709199,415.84265776755745
2023-09-08,24253,1533,137.015,0.934439709949914,1.04695597550123,166.4676310084473,0.2579053599461763,263.7614936084324,323.78990057561487,128.19204604918892,65.58551992225462,413.6166554533902,42.558682813784856,155.04971219256933,416.2798086267474
2023-09-09,24253,1533,137.015,0.934439709949914,1.04695597550123,166.4676310084473,0.2560364805262765,263.7614936084324,323.78990057561487,128.19204604918892,65.58551992225462,413.6166554533902,42.558682813784856,155.04971219256933,416.2798086267474
2023-09-10,24157,1513,137.015,0.9331404842999114,1.0460907588342365,166.2361778565763,0.25101479027667617,263.39476508188307,323.3397097933094,128.01381047916766,65.49433117155787,413.0415714085756,42.49951010124575,154.83413427891568,415.7010217888303
2023-09-11,23456,1447,137.153,0.9304229702822903,1.0439721050653528,166.88717691062354,0.24470124118424236,262.3569474683191,323.19823591804834,128.15273823480152,65.15379891698765,414.31362697482274,42.0250655948194,158.27146020580955,417.2630677906176
2023-09-12,24075,1485,135.992,0.9299470860108061,1.043177100176297,163.93758195158696,0.2427161894488204,261.9437753991798,322.8748384216938,126.55277914686657,65.39108924702184,404.15221373903825,41.695758511340706,154.85292886834742,414.71548268903507
2023-09-13,24501,1502,134.479,0.9316885924048746,1.0428398615108665,162.2871091566355,0.24689747698729178,257.0407706928036,322.89252040398014,128.09506950396897,66.01572690343978,383.91812320649944,42.352420526963066,153.93172585994856,415.99616144299927
2023-09-14,24991,1533,136.512,0.9402738077328118,1.0492408742274963,165.1929441853468,0.25105310666466074,265.63393260117346,329.08360914698363,130.66608996539793,67.51730103806229,376.34177072363474,42.85354295170753,152.72679404242515,423.49650218143523
2023-09-15,24820,1525,138.422,0.9379279296178883,1.0452706728407322,164.05016038567598,0.25511639685606563,261.7531748860418,324.5671462604814,129.75857735091637,65.54896921720535,371.89405166107036,41.156840308390706,152.22382712112403,415.79845804648374
2023-09-16,24820,1525,138.422,0.9379279296178883,1.0452706728407322,164.05016038567598,0.25417846892644774,261.7531748860418,324.5671462604814,129.75857735091637,65.54896921720535,371.89405166107036,41.156840308390706,152.22382712112403,415.79845804648374
2023-09-17,24910,1525,138.422,0.9373652537447741,1.0451068099159735,163.95174443673721,0.2465270617348756,261.5961455540766,324.3724339626179,129.68073339457453,65.50964548846103,371.6709473013254,41.13214975347294,152.13250595226936,415.5490148291183
2023-09-18,25073,1535,137.034,0.9352699656755923,1.0423507093196578,166.46589538070162,0.25065235080105874,262.6668287801274,323.7034820100822,129.97072605007438,65.9234388006098,368.632915891172,41.10287034352466,150.7907707559787,414.9100737928003
2023-09-19,25535,1542,134.627,0.9361893349310965,1.0433621301281248,167.65840323547036,0.25745206710605156,261.82126273217494,323.05740713001796,129.9486968244458,66.20356500898741,370.71786998202515,40.71918064709407,149.4045835829838,414.4847213900539
2023-09-20,25513,1527,135.972,0.9389495032957127,1.043993903075606,164.77249253535143,0.25163846688325103,261.43734389964504,323.268107641171,126.389175790126,65.40346660156617,362.4870894443296,39.65249478883025,148.793449888265,411.8007173574205
2023-09-21,24965,1489,133.874,0.9380423057079875,1.0368711376550124,163.14056563951036,0.24482904178978473,255.04995075277898,319.4568735049951,123.20904272782704,63.66117911917828,360.0459640729797,38.4593593171052,139.6247830777168,404.6592561324516
2023-09-22,24976,1499,133.502,0.939002403846154,1.0360010360010359,164.04935396634616,0.25071364182692313,256.3157301682693,318.7978891225962,123.23091947115385,64.64655949519232,356.45188551682696,39.063063401442314,140.4437725360577,404.1240985576923
2023-09-23,24976,1499,133.502,0.939002403846154,1.0360010360010359,164.04935396634616,0.25071364182692313,256.3157301682693,318.7978891225962,123.23091947115385,64.64655949519232,356.45188551682696,39.063063401442314,140.4437725360577,404.1240985576923
2023-09-24,24697,1488,133.502,0.939090584677798,1.0352824250455523,164.06475968671938,0.24322446143154972,256.3398005371598,318.8278271322052,123.2424919707755,64.65263039272769,356.48535957778495,39.06673177694721,140.45696147850424,404.162049471292
2023-09-25,24877,1503,132.103,0.9441622448401533,1.0351538238582254,166.24431142247482,0.2511471571274808,258.86662764129386,321.021772381366,124.7955888739921,64.72704269501672,363.23432218592444,39.863096474498185,140.95209320769683,408.08202881583173
2023-09-26,24847,1511,129.934,0.9461364517990786,1.0331645831180907,162.62855629038822,0.2516722961785549,254.92416716338835,317.9747003112789,122.47452527603532,64.29564871845818,358.71533592574724,39.64652342160787,138.8341706640932,402.8904468602462
2023-09-27,25145,1524,134.133,0.9518823473418685,1.0337199445926109,162.2350197515587,0.24844129265622766,259.5944981200323,319.34415306268147,125.11160820522583,64.94407691209366,359.4174480034268,40.422350197515584,140.3141211746228,405.5370996144876
2023-09-28,25629,1568,135.425,0.9467634890128097,1.0349609819709797,161.5898052507503,0.2508923245883946,261.41654753226095,318.62946517330505,126.04925063669845,61.71667155827802,356.2822491313445,40.77956505685315,142.9783285837365,405.7137176561923
2023-09-29,25489,1581,135.874,0.9457516834379964,1.0337733762004693,161.87107513051373,0.25629870621169704,258.2242566391768,316.8334342135129,124.67560717258075,64.30733146705,356.86615722175986,41.133199667095404,144.13066505258377,404.2010289778316
2023-09-30,25489,1581,135.874,0.9457516834379964,1.0337733762004693,161.87107513051373,0.25913596126201105,258.2242566391768,316.8334342135129,124.67560717258075,64.30733146705,356.86615722175986,41.133199667095404,144.13066505258377,404.2010289778316
2023-10-01,26541,1644,135.874,0.9465842507312363,1.0340299248260245,162.01357401815548,0.26693675870620864,258.4515774826539,317.1123500847193,124.7853620211467,64.36394271272114,357.1803148339218,41.169410183353364,144.25754664293896,404.5568565830202
2023-10-02,26285,1590,134.523,0.9541893684220569,1.0395118452374765,165.77704411217448,0.26240207631606566,259.11680232058853,318.84905678380926,128.96441827845155,64.8343050161735,362.7312716481713,42.67583324586597,144.19423478783597,407.76042213337655
2023-10-03,26244,1586,133.193,0.9552193183554943,1.037118470042833,164.7342579856335,0.264595751184472,256.95017576035457,315.2195093993581,127.3651230322482,64.77915329359621,359.87505731315906,41.58031484028733,141.61795048143054,402.82267308574046
2023-10-04,26486,1571,133.307,0.951728338663012,1.038216758894922,165.1220115730166,0.26648393482564336,252.02432617633622,315.04777676260085,129.64062737932085,64.78129282777523,358.3704507385412,41.8490178163545,144.526610324349,404.17618395005326
2023-10-05,26034,1532,132.124,0.9481728708778185,1.0388638984406653,165.8894809701705,0.26169571236227795,247.23323156277854,314.0414920448296,128.95814764947946,65.45901048679197,353.21904689663023,42.35165835435117,142.3747937724006,402.514554453568
2023-10-06,26473,1560,134.616,0.9442424814692413,1.0385294423096896,167.56243803408714,0.270053349700203,251.11751097681886,315.486520938577,130.96265520985787,66.04598460884755,360.1784618289977,43.200698739436284,150.48109154430855,405.62485246211224
2023-10-07,26469,1548,134.616,0.9442424814692413,1.0385294423096896,167.56243803408714,0.26344365232991834,251.11751097681886,315.486520938577,130.96265520985787,66.04598460884755,360.1784618289977,43.200698739436284,150.48109154430855,405.62485246211224
2023-10-08,26475,1550,134.616,0.9463961235614778,1.0412219781135141,167.94461689884918,0.257419745608722,251.69026347668083,316.20608721986673,131.26135675348274,66.19662325863113,360.99996214415506,43.29923152634767,150.82431102362204,406.550007571169
2023-10-09,26123,1497,132.595,0.9452868000151247,1.0445064184919417,169.20350134230728,0.2523915756040383,256.28237607290055,317.7080576246833,131.87318032290997,65.66529284985064,364.69731916663517,42.7871781298446,152.51068174084017,408.6162891821379
2023-10-10,25873,1482,136.764,0.9429958979678439,1.0424919728118094,168.22763920976945,0.24989391296147864,257.4916309114056,318.2017068225754,131.25182705455234,65.1204677259654,351.80913763025137,43.15111509264935,153.48861332453205,409.70908576547697
2023-10-11,25336,1478,138.169,0.9412916403889416,1.0447464922636522,169.16516844413906,0.24850099306268061,256.6299876690795,318.1528092849007,133.35937573538408,66.07584928038254,344.4157873433926,44.0530135451867,153.79481724822801,410.68271882677413
2023-10-12,25438,1465,136.785,0.9491448205167144,1.0455110981003062,171.52660452931912,0.25247252225744604,255.69676721274132,319.2325214981302,133.133696539418,66.19051234837411,342.59002638622604,44.5429867689212,151.5100894094421,411.65075267184267
2023-10-13,25634,1482,133.606,0.951339009656091,1.0556652274430733,170.14317652095323,0.2549588545878324,254.80283499024878,320.3700708747562,131.84226799219903,65.82980545117253,338.2257527469914,43.24568329924369,149.14807591685295,410.53703087095084
2023-10-14,25601,1483,133.606,0.951339009656091,1.0556652274430733,170.14317652095323,0.2540075155781763,254.80283499024878,320.3700708747562,131.84226799219903,65.82980545117253,338.2257527469914,43.24568329924369,149.14807591685295,410.53703087095084
2023-10-15,25862,1484,133.606,0.9503715952937599,1.0532302571988288,169.97015833190778,0.24994772956225886,254.5437265970995,320.04428731634073,131.708197905381,65.7628632795423,337.8818117884093,43.201706867385155,148.9964075953698,410.119556746688
2023-10-16,27049,1520,133.723,0.9474541905898849,1.0522328380824109,169.20300153487577,0.2577075398404487,256.30151782161334,321.9705152255888,133.09552233149526,65.41886949765978,341.71451310329144,43.62325431565384,153.54158376442496,413.0957118223333
2023-10-17,26910,1484,133.676,0.9458053532582995,1.0507844105624848,167.51820675305024,0.2478010025536745,257.72912134682684,321.5520665846969,133.3453135344746,65.2482739052303,336.2971720419938,41.5554714839686,150.2950912702166,412.45247328099884
2023-10-18,26920,1487,130.236,0.9489376642848332,1.0557878288779088,166.80141581499512,0.24957060570691114,245.8564636889003,319.4854859984248,132.16519106859872,65.58677560471052,328.4719256792022,40.02116130991356,144.89993452330117,408.25765555460663
2023-10-19,27178,1484,129.614,0.9445903311733702,1.059288370072985,165.7066480267508,0.24842725709859637,238.77921145599154,315.6027430903217,131.22815634859163,63.73717718625432,378.7769444391967,39.75931838361703,144.8217558045076,402.8082670545785
2023-10-20,28089,1520,127.402,0.943672206022516,1.0588285121341747,163.08259962819315,0.2576225122441469,234.97154828298844,312.5027130575923,129.01603299078033,63.41099755588898,378.1822985967594,39.03651067765101,139.21524219347168,397.47190216006567
2023-10-21,28286,1542,127.402,0.943672206022516,1.0588285121341747,163.08259962819315,0.26328454548028196,234.97154828298844,312.5027130575923,129.01603299078033,63.41099755588898,378.1822985967594,39.03651067765101,139.21524219347168,397.47190216006567
2023-10-22,28368,1575,127.402,0.9443048971651967,1.0571495020825845,163.1919394133978,0.26440537120625507,235.1290864794425,312.7122325256379,129.1025326257342,63.45351186991255,378.43585336833553,39.062682959073825,139.30857995429565,397.73838977128935
2023-10-23,31040,1657,127.686,0.9371983392845428,1.0520999915832001,162.06596001911882,0.2783479067675092,231.59764200897834,308.6166015313821,129.19935145874922,62.63952540276099,381.24853562759483,40.26925708287645,138.80657163475507,394.051602140561
2023-10-24,32060,1688,127.366,0.9438236182422228,1.0568478456156667,163.64580187254606,0.27842796738145575,235.35846421020838,312.7614391422531,132.24573391724553,64.24229839927514,390.3720552703111,41.198467230443974,142.55323165206886,399.79990939293265
2023-10-25,32690,1696,127.464,0.9463961235614778,1.055442388677214,161.89714566929135,0.2810796486977589,231.55095396729254,312.65804815263476,119.8676938219261,62.941020593579644,389.1363188976378,39.54194427619624,134.5093882495457,395.1923076923077
2023-10-26,32373,1712,121.209,0.9465932110334906,1.053152612345055,157.9163590238731,0.2915507089983151,229.28948713579828,310.2989341360444,116.83516025823064,61.071354196247704,381.9759186687113,38.135116714942924,133.2301546733307,390.56057249957405
2023-10-27,32171,1690,122.323,0.9465484112184918,1.0491858317945275,159.2151220574176,0.29437655588895095,225.70162900981572,306.84922430357705,116.76242581426827,62.1465824869613,376.476378884398,38.30170284059179,135.62808219826402,388.7445928422009
2023-10-28,32320,1686,122.323,0.9465484112184918,1.0491858317945275,159.2151220574176,0.29437655588895095,225.70162900981572,306.84922430357705,116.76242581426827,62.1465824869613,376.476378884398,38.30170284059179,135.62808219826402,388.7445928422009
2023-10-29,32734,1704,122.323,0.9467814165743554,1.0491197884974506,159.25431495630602,0.2935022391380502,225.7571884379053,306.92475928082484,116.79116842294619,62.16188068660588,376.5690535026178,38.311131309114664,135.66146883668966,388.840287442838
2023-10-30,32532,1709,123.736,0.9421341222136383,1.0444627805688145,160.39456577038308,0.299598650863937,228.10668726799946,310.2325187013623,118.46959733187616,62.23361157694409,386.2335362062143,38.758078800097984,135.73985792617435,391.5952214957321
2023-10-31,32801,1720,124.672,0.945340417084192,1.0388315223037128,161.40458679170368,0.29116484846193114,213.59588587850484,312.35654459170746,118.41050462271464,63.192225520409906,389.10778771435594,38.524134540848166,136.85504150044432,395.30071278667447
2023-11-01,33513,1749,125.703,0.9445635644050667,1.0431226920910437,164.3313906809359,0.3041494677384315,218.87143545324886,314.2912467294487,120.541423835117,65.54043204337437,396.6845818889383,39.96599571168142,135.749841785603,399.27268605540814
2023-11-02,32957,1700,127.912,0.9419832515377876,1.0395442637947523,167.42527717857175,0.31839033901977226,225.09254985446356,318.7548865381173,121.11643854972257,66.34105445605178,399.82102318220785,40.97127893066061,134.1544287342571,405.7564596501474
2023-11-03,32435,1714,127.876,0.9316451922449854,1.037408967363114,164.5341308216179,0.3270074624779899,224.10352441376227,317.30624109114285,121.42783942163466,67.57874730987452,402.7092242190484,41.91443770554422,139.7253509973262,404.98337013331843
2023-11-04,32735,1735,127.876,0.9316451922449854,1.037408967363114,164.5341308216179,0.3251441720934999,224.10352441376227,317.30624109114285,121.42783942163466,67.57874730987452,402.7092242190484,41.91443770554422,139.7253509973262,404.98337013331843
2023-11-05,32688,1768,127.876,0.9318275000931828,1.036333865318051,164.56632748145665,0.33266241753326625,224.14737783741475,317.3683327742369,121.45160087964516,67.59197137425922,402.78802788027883,41.92263968094227,139.7526929814753,405.0626188080063
2023-11-06,32743,1778,128.887,0.9329663665624854,1.0375058359703273,167.26874096188834,0.35172832019405703,222.25684564071466,318.14806176237346,122.66268601016934,68.03750524793581,405.5576806456127,42.67630731912114,134.24173158557633,406.4533283575127
2023-11-07,33152,1767,128.689,0.9349376864032012,1.038842314125139,170.06236034368308,0.3421871932235716,219.52056395441244,319.2961789096757,123.81005805963031,68.06065875709383,406.1434755373554,42.956366458175566,148.93276863097074,408.461186061949
2023-11-08,33304,1767,129.967,0.9335847788337659,1.0384215991692627,170.73118359878262,0.34822712250499466,219.11794910095784,318.4803106970144,124.38710159269563,67.46737121197975,407.45000653509345,43.46462647272999,147.75566219168363,408.2258154863043
2023-11-09,34450,1992,132.966,0.937453127343633,1.0379258090631682,170.9970751462427,0.3590445477726114,219.3705939703015,317.8969176541174,123.47757612119396,68.95623968801561,407.8914804259787,44.0140805459727,146.49392530373484,406.70185240737965
2023-11-10,34963,1962,130.762,0.9355674684479871,1.037871947359135,174.3018327766707,0.38171152712677875,224.1965814364703,320.94361334867665,125.43807946710076,70.49220204515048,418.1949161263764,45.215601523103835,150.0350837800668,412.23628691983123
2023-11-11,34963,1962,130.762,0.9355674684479871,1.037871947359135,174.3018327766707,0.37890482472143483,224.1965814364703,320.94361334867665,125.43807946710076,70.49220204515048,418.1949161263764,45.215601523103835,150.0350837800668,412.23628691983123
2023-11-12,34726,1917,130.762,0.9353836943914393,1.0371077140071767,174.2675945672915,0.37228271036779287,224.15254237288136,320.8805702099001,125.41343959292101,70.47835522131177,418.1127698581958,45.206719796460504,150.00561230216633,412.15531110861673
2023-11-13,34126,1923,132.616,0.9344484418072233,1.0367421414945674,172.64589076297716,0.3476148203522871,225.8057281689483,321.01761435312807,124.85726300051397,69.87431668457693,415.2754286782227,45.41195159557072,147.9297294771761,411.33112180535437
2023-11-14,32726,1824,136.577,0.9192866335723477,1.0340192327577293,172.27983085125942,0.3428939143224857,227.76797205368632,320.3410553410553,124.46773303916159,70.92939878654164,412.24214009928295,45.635870564441994,152.19433719433718,412.51792608935466
2023-11-15,34941,1901,139.196,0.9212938651041523,1.03859415894645,173.30090378928168,0.36298978285103606,231.33412564605734,322.6896253097851,125.67093225726212,71.065844872539,425.4406087909861,45.02786913941941,149.86410915489716,414.26531420727275
2023-11-16,33361,1811,146.844,0.9213787511632408,1.0370431824781183,174.82793251822028,0.3547308191978477,228.66409294868842,322.5249463296878,127.78233348382521,70.64855850294381,430.20740235688686,45.584845162300866,147.9623708918025,414.8194558337096
2023-11-17,33408,1787,148.375,0.9159186664224216,1.0356040678527785,173.73694815900348,0.35629236123832203,231.69719728888074,320.0100751053306,125.43139769188495,71.00751053306466,426.5955303169078,45.14343286316174,147.81828173658178,412.8659095072357
2023-11-18,33408,1787,148.375,0.9159186664224216,1.0356040678527785,173.73694815900348,0.3645356292361238,231.69719728888074,320.0100751053306,125.43139769188495,71.00751053306466,426.5955303169078,45.14343286316174,147.81828173658178,412.8659095072357
2023-11-19,34320,1849,148.375,0.9169432778888297,1.0350359674998706,173.93130260962056,0.3658603678776431,231.9563901777036,320.36806103174456,125.57171413376368,71.08694456160941,427.0727502796677,45.19393350327348,147.98364173192246,413.3277705441141
2023-11-20,34279,1851,147.666,0.9136592051164916,1.0331325612389326,174.92553677478298,0.3608953860210142,228.8049337597076,321.1941525810873,126.02649611694838,71.83736866148926,433.4910918227501,46.05363179534034,151.92964824120602,415.01781635449976
2023-11-21,32793,1775,147.876,0.915977393677924,1.036967905843314,174.6558214943255,0.3407435904481877,228.42369450321965,321.3587608657818,126.97003837945277,70.26096195945884,434.95736125232423,45.76561970450569,152.62656517637146,415.1731655262748
2023-11-22,34411,1899,149.583,0.9184254514061094,1.0389286567691396,175.68284932312045,0.36277805330541324,226.02174831468932,323.9718227071509,128.5575209860216,70.79774434709135,438.9219522051395,44.73439135945336,155.1845116731875,418.0452232692273
2023-11-23,34246,1895,149.756,0.917086233618547,1.0368281353682813,175.42667437019102,0.36866866591465597,225.69217083482357,323.49941765024164,128.37006263698973,70.69450940471931,438.28193064993894,44.669161141222105,154.95822672205864,417.4356434735558
2023-11-24,34678,1913,150.855,0.9134839363849786,1.0373766818469454,173.15727452932737,0.37270144604507127,226.19323839190287,322.7219994336399,126.14025632359252,70.06147746891871,438.1306464725817,43.951092070045945,156.06690356350083,415.57764156717303
2023-11-25,34678,1913,150.855,0.9134839363849786,1.0373766818469454,173.15727452932737,0.3790958335997661,226.19323839190287,322.7219994336399,126.14025632359252,70.06147746891871,438.1306464725817,43.951092070045945,156.06690356350083,415.57764156717303
2023-11-26,34282,1889,150.855,0.9140767824497257,1.0361620557455187,173.26965265082265,0.36745886654478976,226.3400365630713,322.9314442413162,126.22212065813527,70.10694698354662,438.41499085923215,43.97961608775137,156.16819012797075,415.8473491773309
2023-11-27,34027,1854,150.432,0.9124587112433163,1.0370001659200265,173.1353906235743,0.35859627351862333,225.73042319835028,322.36892530612994,125.95215066518242,70.70368815811085,437.1644433089403,44.00031023596183,155.29773527747872,414.6997098381298
2023-11-28,34421,1865,151.592,0.9087439341342397,1.0361942657009335,172.99394776539867,0.3634975736536959,224.810526889733,321.8016757238146,125.93918685592776,69.16086585122044,434.89485832682067,43.42223878155613,155.48336089856602,413.3748932225878
2023-11-29,34541,1853,152.737,0.9112862805850458,1.0434383380114152,172.53929922085024,0.3608693671116781,227.18002460472957,323.1849455506447,124.30582767576435,69.86467398733312,434.7628377454777,43.83432815418964,159.74575112771677,414.26800929512
2023-11-30,34679,1888,154.116,0.9181134604614437,1.0495932826029915,174.32862953203755,0.3589823630404245,230.0388361993775,330.37119327206454,122.87755120777824,69.8463996180648,435.0269466300645,42.92694571195108,171.68538087936903,418.8773308605477
2023-12-01,35641,1924,156.015,0.9186110600771633,1.057708580132002,175.61730663237185,0.3729560903913283,235.82307550982912,333.4429542531692,122.43799375344479,69.69134668381407,427.65570457468306,42.93652397574866,170.23516443137976,421.6580929634393
2023-12-02,36319,1994,156.015,0.9186110600771633,1.057708580132002,175.61730663237185,0.38397942311225425,235.82307550982912,333.4429542531692,122.43799375344479,69.69134668381407,427.65570457468306,42.93652397574866,170.23516443137976,421.6580929634393
2023-12-03,36764,2019,156.015,0.9186110600771633,1.058873358746294,175.61730663237185,0.3766305346316369,235.82307550982912,333.4429542531692,122.43799375344479,69.69134668381407,427.65570457468306,42.93652397574866,170.23516443137976,421.6580929634393
2023-12-04,38783,2073,157.077,0.922722029988466,1.057507243924621,174.78846597462513,0.38938869665513265,234.96839677047288,334.6122260668974,120.56009227220301,68.54625144175318,418.6629757785467,41.979792387543256,173.53356401384085,421.34809688581316
2023-12-05,40878,2129,159.146,0.926483531755223,1.0587612493382743,179.25232778987353,0.40857923750405334,236.34316950016213,335.3194051975726,122.69143465974891,68.27905683976468,421.65747903831004,43.142261546301015,172.41580580905173,423.0101449946727
2023-12-06,40692,2077,161.294,0.9288155743795512,1.0619656985079382,178.62609600237775,0.42446871749145487,237.72755981572297,335.4575345519393,122.07051567840688,67.93078466339723,414.8341135384158,42.25432828057661,171.14077128845295,422.33894337940256
2023-12-07,40154,2188,161.614,0.9267926486807108,1.0586267493807033,179.99796105617293,0.43559254487993404,238.5165756865217,335.32933576770876,128.27459012595114,68.22769441792789,418.7592100019463,43.17241123643408,173.44646382264898,424.66195238139375
2023-12-08,41139,2196,162.269,0.9286948123107783,1.0561892691170258,181.71399914560075,0.5265699585802113,240.80685005293557,337.1970133174836,126.83742268615686,69.59267445532049,421.06744181727,44.10715280744442,176.96001040138188,427.3268448522446
2023-12-09,41150,2199,162.269,0.9286948123107783,1.0561892691170258,181.71399914560075,0.557216887386467,240.80685005293557,337.1970133174836,126.83742268615686,69.59267445532049,421.06744181727,44.10715280744442,176.96001040138188,427.3268448522446
2023-12-10,40718,2188,162.269,0.928893223723933,1.0560442693757721,181.75282151316708,0.5666248664715992,240.85829733872092,337.26905392225166,126.86452092331987,69.60754261297666,421.15740095676006,44.11657609957736,176.99781710092427,427.4181412846594
2023-12-11,38347,2070,164.355,0.9288845953778703,1.0576302736089518,179.44749944266925,0.5248197963884966,242.33391543434644,338.78836293378913,125.09010180575166,72.26443486661218,426.92186222783687,43.28574347923014,179.12424760347776,429.1140298729286
2023-12-12,38452,2043,164.147,0.9260545446126777,1.0581786628854417,180.28985507246378,0.5491503449553179,242.03083761633565,339.3499097096819,123.73663008751215,72.3591239524008,428.6123072648979,44.121590961707646,178.7442700375052,429.84395980923273
2023-12-13,39445,2081,162.699,0.9188896137906952,1.0550303848750844,181.78025673775807,0.6266827166052542,246.12182638499633,341.4750016080568,123.07331820228437,73.31544561551821,440.8336166576309,44.18443952328007,180.53240464223032,432.3522655223428
2023-12-14,39179,2110,166.115,0.9096201426284385,1.049097775912715,180.22030999854462,0.5985300538495125,259.3481662057925,339.61213797118324,121.16686071896376,74.78532964633969,427.308615921991,43.95530126619124,182.68629020521033,429.35526124290504
2023-12-15,38566,2043,167.152,0.9177595653490699,1.0550971744497668,180.86012426464515,0.5708464496471215,261.87076109800756,341.9452831747139,122.71087820412808,74.68452014941126,432.87690090949974,44.84696359247804,182.0073237213315,430.78440910050386
2023-12-16,38963,2056,167.152,0.9177595653490699,1.0550971744497668,180.86012426464515,0.5763530070392159,261.87076109800756,341.9452831747139,122.71087820412808,74.68452014941126,432.87690090949974,44.84696359247804,182.0073237213315,430.78440910050386
2023-12-17,38002,2018,167.152,0.9178438013418877,1.0542073414999262,180.8767243990418,0.5461170617984231,261.8947967434902,341.9766684105699,122.72214114601977,74.69137502179879,432.9166322475241,44.85107984323228,182.02402915071914,430.8239483804646
2023-12-18,39089,2034,163.312,0.9154574998855679,1.0557989758749933,179.32622328008424,0.5648372774293954,261.4793793198151,341.42536732732185,125.56140431180484,74.67936101066508,444.9910742893762,45.83659083627043,181.57916418730264,432.10234814848724
2023-12-19,38542,1987,167.933,0.9107882872626258,1.0582010582010584,179.33057060886196,0.5382758777722119,266.7207067717109,341.9891616193816,125.79534587185208,74.83674119950818,450.7008515870486,45.16845029372922,181.16307664283437,432.47597795892347
2023-12-20,39946,2016,169.166,0.9137927883473143,1.059288370072985,178.11374892629345,0.5519308441617778,264.64901218999574,338.78593490140173,127.61664564943253,71.91183727178024,447.042966536908,43.954072774457664,177.40099055138256,427.67969735182845
2023-12-21,39901,2039,168.366,0.9085953116481919,1.0611092836451226,176.8817008904234,0.5905869525713248,263.46174813737963,339.7392331455569,128.81700890423406,77.68217335998546,446.49827366890787,44.50081773578049,178.7461384699255,429.45302562238777
2023-12-22,40027,2117,168.279,0.9078858969004775,1.0608728862107741,175.74582826430373,0.5855864035008079,263.40221161004484,339.3459589998729,129.56984366204856,78.43861783451055,441.8281190419988,44.30174495669384,177.50803479018757,429.8358542298404
2023-12-23,39743,2101,168.279,0.9078858969004775,1.0608728862107741,175.74582826430373,0.5710602291504003,263.40221161004484,339.3459589998729,129.56984366204856,78.43861783451055,441.8281190419988,44.30174495669384,177.50803479018757,429.8358542298404
2023-12-24,39125,2061,168.279,0.9074163135304846,1.0602542489689029,175.65492772429062,0.5571536165077176,263.2659727956589,339.1704400061704,129.50282660181665,78.39804724009328,441.5995934774915,44.278830884821645,177.41622278885328,429.61353139206733
2023-12-25,39600,2066,168.279,0.9075151328148398,1.0601980449948052,175.67405686489823,0.5799021698686826,263.294642938171,339.2073762829995,129.51692969480268,78.40658492980371,441.64768447513865,44.283652929912606,177.43554373769183,429.6603170857874
2023-12-26,38540,2023,168.279,0.9055838298951334,1.0607040953785123,174.83744770253384,0.5641787260246681,267.67880752721277,339.94439715284443,129.34997192690128,78.81929980258273,444.5565355985004,44.622371542933735,179.70224403673046,430.7201202615326
2023-12-27,39165,2146,168.704,0.9002277576226786,1.06845597427158,173.90239730651854,0.5833475869394957,268.46232096720473,339.0311748872465,127.36962451500229,78.02904134746092,442.6842991276793,44.485384802355,178.81944131865362,428.99183493423834
2023-12-28,38510,2123,168.495,0.9034974385847615,1.0711225364181662,174.9676999665706,0.5701068837469846,268.0821459871161,340.7332785211554,127.6885825028686,77.68813075414931,443.0724333896513,44.737217769987616,181.7367027764476,430.7116849323732
2023-12-29,38173,2088,169.486,0.9058545378783074,1.077121930202499,174.38243366880144,0.571594213401212,267.7135325609413,341.2779795820387,127.55065991503082,77.22138179051207,440.75892493183443,44.83499859592546,180.15363292962417,430.35065629161267
2023-12-30,38226,2080,169.486,0.9058545378783074,1.077121930202499,174.38243366880144,0.5634415225603072,267.7135325609413,341.2779795820387,127.55065991503082,77.22138179051207,440.75892493183443,44.83499859592546,180.15363292962417,430.35065629161267
2023-12-31,38533,2089,169.486,0.9058545378783074,1.077121930202499,174.38243366880144,0.5643473770981855,267.7135325609413,341.2779795820387,127.55065991503082,77.22138179051207,440.75892493183443,44.83499859592546,180.15363292962417,430.35065629161267
2024-01-01,40074,2135,169.486,0.9060515180893185,1.0762177403732323,174.42035354130235,0.5780608685409853,267.7717475015629,341.3521912855965,127.57839610760266,77.23817376256014,440.8547690021654,44.844748072375396,180.19280776304942,430.44423705931916
2024-01-02,41129,2157,168.253,0.9139180581069102,1.0750954147180563,169.6478673722114,0.5666291960262843,267.5376305760426,344.6448971385226,127.54366243522605,75.27577477403376,428.0298668421389,44.01941161955419,172.24430857529313,431.94235004889464
2024-01-03,39267,2027,161.817,0.9152229025379132,1.0778184953653804,168.6636830400044,0.5235075002516862,260.1493643776942,342.4919689190302,128.45794093151386,75.27433806503574,430.0879529209339,43.5148220349066,168.41657285631916,429.0070746730366
2024-01-04,40421,2077,162.345,0.9135340063033848,1.0744947188584568,166.22390718494498,0.53441739368748,261.3593386013794,342.18882747910294,126.12798611428312,75.52825103914495,433.61531082994566,43.84844470835427,167.768693189604,426.9282419038049
2024-01-05,40458,2080,160.227,0.9136425099587034,1.075719925560181,165.48532690129008,0.5152943756167087,263.8572159485437,342.2934254284983,125.46778496509886,76.23067646091438,432.898439498593,44.8385593684903,172.28282717538283,427.5179987574462
2024-01-06,39940,2043,160.227,0.9136425099587034,1.075719925560181,165.48532690129008,0.496107882907576,263.8572159485437,342.2934254284983,125.46778496509886,76.23067646091438,432.898439498593,44.8385593684903,172.28282717538283,427.5179987574462
2024-01-07,40203,2035,160.227,0.913934763336593,1.0742638606894626,165.53826187886708,0.46519279453832585,263.94161784731807,342.40291727976455,125.5079192447243,76.25506091375198,433.0369138250911,44.852902199840976,172.33793651809134,427.65475200380195
2024-01-08,42952,2134,160.274,0.9132420091324202,1.0768783450533592,169.43105022831048,0.5077625570776256,266.8739726027397,344.11598173515983,128.28858447488585,77.54885844748858,442.7187214611872,47.67817351598173,178.69132420091324,433.36712328767123
2024-01-09,42234,2148,159.146,0.9147373331747789,1.0731686377197314,169.31422142131888,0.4820665745831085,267.2734424310059,343.25152532450306,130.3747678854017,76.21225565078987,440.9006503782439,48.5905727170443,180.02671033012868,433.46292112219976
2024-01-10,42565,2359,160.515,0.9112198500132128,1.0713864812453797,169.5925936050591,0.5294187328576766,267.2580483493253,343.4633644059303,130.99423197834943,75.06355758453843,435.80638400626924,49.50529874342783,179.39002943240118,434.22997366574634
2024-01-11,42240,2387,160.342,0.9105229133091134,1.0699077739498855,168.9903211414315,0.5435821792455406,265.8417329072086,343.4009851857922,130.83030584464657,75.91575842006064,448.11931492256,49.86724575923953,178.00449798319175,433.70573720487675
2024-01-12,39131,2308,162.694,0.9129752035934704,1.0718802924089437,169.68283241427162,0.520395866048278,265.0157031735018,343.2211591133185,131.67567468867546,75.18898586714384,448.97929372238247,49.921210239929884,174.39469744001752,435.1751086440492
2024-01-13,39172,2357,162.694,0.9129752035934704,1.0718802924089437,169.68283241427162,0.520395866048278,265.0157031735018,343.2211591133185,131.67567468867546,75.18898586714384,448.97929372238247,49.921210239929884,174.39469744001752,435.1751086440492
2024-01-14,38147,2260,162.694,0.9136258154110402,1.0706064985814463,169.8037531748497,0.49335794032196173,265.2045608200705,343.46574816818026,131.7695104792881,75.24256765399163,449.29924899957973,49.95678549893106,174.5189760081861,435.48522667056477
2024-01-15,38863,2296,162.009,0.9136341626086083,1.0673269862955215,169.8053045599481,0.4951897161338657,265.20698381953895,343.46888618859236,131.77071437055176,75.24325509579454,449.30335395101093,49.95724192118992,174.52057047317112,435.4892054123688
2024-01-16,39690,2380,160.884,0.9192274812247788,1.0670422655441383,168.76740787042573,0.5055751146736284,263.91572522452134,343.42062930313364,132.42023403531675,77.77216027650363,442.3111217332954,51.81372774320462,172.27885684870438,436.56594997564054
2024-01-17,39303,2325,158.704,0.9185857453864031,1.0628460892578147,167.77693063759037,0.49879205974481694,255.89594260676265,342.36333740573014,131.2530428152816,76.47777481789038,440.9092161707835,51.4349227928681,172.1861422154451,433.84437320301663
2024-01-18,37990,2272,160.305,0.9190923044401349,1.0589069961985238,173.37481503267372,0.4751707213955497,259.10682609854507,344.4546565811604,133.2279440824242,77.93627013961012,445.8939551299137,52.46325928513001,171.38038473203864,437.9162339273733
2024-01-19,38262,2290,160.567,0.9175827200822154,1.057462512953916,175.759299700868,0.4835660934833275,261.7285423280909,347.3298342845607,135.76278651520434,80.31326274063606,443.024536161935,54.57846249839423,177.0824539832266,442.656585491182
2024-01-20,38294,2271,160.567,0.9175827200822154,1.057462512953916,175.759299700868,0.4918243379640675,261.7285423280909,347.3298342845607,135.76278651520434,80.31326274063606,443.024536161935,54.57846249839423,177.0824539832266,442.656585491182
2024-01-21,38191,2257,160.567,0.9180797444065992,1.0570824524312896,175.85450272210645,0.4755653076026184,261.8703120553052,347.5179714109968,135.83632474316718,80.35676578867641,443.26450795516104,54.6080258531256,177.17837371354076,442.89635797765396
2024-01-22,36368,2129,163.329,0.9193373416441429,1.057719767724739,178.2199790391086,0.45323330943056245,265.39062643646463,349.39139867983164,135.80083475830622,82.0205196094655,446.5285821979517,54.83911596521227,182.62360490558405,444.47754058874364
2024-01-23,36748,2067,162.234,0.9210223347916187,1.0590527831907142,179.7246143218973,0.4531429887174764,265.9230946350449,349.08312226571496,136.93483766981348,80.58669122726226,452.18236242228875,55.12097628367488,188.61340087497123,446.5816256044209
2024-01-24,36871,2056,167.277,0.9190078391368678,1.0648039695891987,178.79940815895156,0.4512328490162021,267.14271272733953,347.4832970325237,138.1608815123193,80.94253443981876,500.497183240973,56.403830424673515,187.24600920845853,446.0459687721136
2024-01-25,36865,2047,167.242,0.9220243967655384,1.06329813816496,179.0165687784099,0.44349373484422394,277.2499700342071,350.8367371400647,141.64784200189936,82.23166784993131,518.0643019814304,56.79817807979199,189.8789381967047,449.94421752399563
2024-01-26,38600,2094,167.806,0.9211071708193248,1.0668601239691464,177.16206880670566,0.4670013356053977,275.7767236217934,350.97591304748306,141.6450974070833,81.10072306912909,525.0458250817483,56.182655551973475,186.44775019573527,449.008428130613
2024-01-27,38861,2093,167.806,0.9211071708193248,1.0668601239691464,177.16206880670566,0.4670013356053977,275.7767236217934,350.97591304748306,141.6450974070833,81.10072306912909,525.0458250817483,56.182655551973475,186.44775019573527,449.008428130613
2024-01-28,38802,2084,167.806,0.9223050247177745,1.0670422655441383,177.3924592341179,0.4657640374824762,276.13535748542756,351.4323397033867,141.82929978602522,81.2061905113259,525.728620969527,56.255718291153244,186.69021618829777,449.5923411790747
2024-01-29,40008,2142,167.275,0.9230201218386561,1.0716046207591248,177.01310688573014,0.499353885914713,279.8661620823334,353.781613439173,142.94535720878716,82.21063319180358,531.3706848809304,57.655159682481084,193.33394868008125,453.4493261953111
2024-01-30,39651,2164,169.432,0.9222454833027455,1.0701482155278506,173.38768433381597,0.4869456151838496,280.95009729689843,354.6559563224539,141.10079220887016,79.43023674041555,518.953989172838,57.87800536746871,190.14580701091015,452.7275410168678
2024-01-31,39425,2116,166.419,0.9255659835989708,1.0733298986776576,170.76322171007573,0.4738897836026731,277.8798985579682,352.95255548768074,131.17769015753134,79.33581385016937,521.9692341867052,56.88121286166491,180.45574869032413,446.9428555561727
2024-02-01,39647,2122,166.164,0.919574053298512,1.0722825679022936,171.8012616556011,0.4800176558218233,282.8021260552112,354.1160134625641,131.19195188788552,78.72197598072572,521.8187335626137,57.93196991153697,183.793426884667,449.8528681514722
2024-02-02,40103,2145,166.043,0.9269301002011439,1.069747539580659,172.23844349897576,0.49683453370781316,291.9607352409555,358.1815485294254,133.03022719056756,80.13866874299009,523.1102212582149,61.3152211191754,202.02256147863892,458.14076360501656
2024-02-03,39910,2132,166.043,0.9269301002011439,1.069747539580659,172.23844349897576,0.4940537434072097,291.9607352409555,358.1815485294254,133.03022719056756,80.13866874299009,523.1102212582149,61.3152211191754,202.02256147863892,458.14076360501656
2024-02-04,39533,2127,166.043,0.9276437847866419,1.069965012144103,172.37105751391465,0.4712430426716141,292.1855287569573,358.45732838589976,133.1326530612245,80.2003710575139,523.512987012987,61.36243042671613,202.17810760667902,458.49350649350646
2024-02-05,39751,2145,164.069,0.9309946747104607,1.0692099607599943,174.6788068372249,0.4738762894276245,298.9200461773359,357.0988343946673,134.8610955945332,80.94626298737572,522.591516776524,64.50359363944438,200.56138978885042,458.54932409786613
2024-02-06,40102,2209,167.286,0.9296272194849864,1.0691299420531573,175.95705122245977,0.476898763595798,299.23398717114435,357.9966533420098,135.1826717486288,78.63344798735706,516.5073905363948,63.359300920330945,198.45402993399645,459.20423910012084
2024-02-07,41189,2253,167.439,0.9280139573299183,1.0616951024004926,175.73429104373733,0.4797832159395678,300.30253255008955,358.88712566237,136.13593548446968,79.03523668995982,518.9704613157382,65.03772376736546,202.4258284844604,462.1936393923365
2024-02-08,42077,2248,170.183,0.9278159213212098,1.0623041376746163,174.73186119873816,0.5056596771200593,298.6323993319725,359.4136203377249,136.58934867322324,78.75951011319354,517.9773612915196,64.61272963444053,206.46502133976617,462.420671738727
2024-02-09,43803,2312,165.175,0.9272223200956894,1.0605128640210406,175.03732069838387,0.5210989438937775,293.88867768824935,358.5995234077275,139.25581136589122,79.26545447802019,520.261662138731,66.8467950560506,216.18837448655066,464.69322849539634
2024-02-10,44336,2322,165.175,0.9272223200956894,1.0605128640210406,175.03732069838387,0.5303711670947343,293.88867768824935,358.5995234077275,139.25581136589122,79.26545447802019,520.261662138731,66.8467950560506,216.18837448655066,464.69322849539634
2024-02-11,44771,2325,165.175,0.9260802726380323,1.0593781450288682,174.82172954751718,0.514900631586746,293.52669889426016,358.1578411216684,139.08429182641552,79.16782426700746,519.6208627363819,66.76446074345725,215.9220981274657,464.1208719971847
2024-02-12,46403,2472,165.316,0.9283240965085731,1.0599620533584897,173.77020265315028,0.5328580313959209,298.5545993817361,360.34477956944323,138.0937793002293,79.55366177439868,517.8349625421228,67.07206579961196,215.49929911530714,465.0680925724789
2024-02-13,46480,2469,163.482,0.9338201649126411,1.0522992739135009,172.79034803477546,0.522939292351079,292.0214405109864,357.48223407136254,136.71780888436507,76.14089478648202,517.8098181852139,67.3682146292267,212.00239057962216,461.42575662778864
2024-02-14,48344,2590,164.855,0.9317754048564133,1.0526315789473684,171.48115018355975,0.5516110396749967,294.9507090810831,358.0505394979594,137.09770596895322,76.2155010156352,539.4765285775516,68.8085387898101,219.31943124429284,464.59905704329026
2024-02-15,48249,2624,166.587,0.9282551587780449,1.0550081235625515,170.7033389338061,0.5792312190775,299.8691160226123,360.3922806300996,133.60933453387668,75.7697555904167,550.7959787986521,67.43365296252634,215.6123235154879,465.9339639280045
2024-02-16,48475,2607,168.832,0.9279106236487301,1.054574215660427,169.13583683619595,0.5753045866622126,298.5895758520539,358.32846180255916,131.5276192597129,73.76518293757944,541.7485547792037,67.34459816830443,213.55584630088427,463.46908665757314
2024-02-17,47984,2589,168.832,0.9279106236487301,1.054574215660427,169.13583683619595,0.5845836928986999,298.5895758520539,358.32846180255916,131.5276192597129,73.76518293757944,541.7485547792037,67.34459816830443,213.55584630088427,463.46908665757314
2024-02-18,48401,2675,168.832,0.9272739074395185,1.052930832973582,169.0197787524457,0.5878916573166548,298.38468885324033,358.08258301419653,131.43736728392201,73.71456654581196,541.3768162977661,67.29838747067497,213.40930797548288,463.15106219226095
2024-02-19,48094,2736,169.334,0.9280139573299183,1.0512815121633272,169.1546720862682,0.5985690024777973,298.6228272873224,358.3683658602225,131.5422663956866,73.77339755189918,541.8088848056275,67.35209777555055,213.57962823760872,463.5206993513183
2024-02-20,48391,2792,168.862,0.9250608227490957,1.048943713680324,167.9873451679448,0.589263744091174,290.13330126455816,356.8200109157177,131.56862563713565,74.65888382161127,531.722185733712,64.16924912813018,202.99257176159333,459.50268730169006
2024-02-21,47961,2746,168.973,0.9241717111039232,1.0512373063095264,168.501455570445,0.5665172589067049,293.04283535880967,356.76447483942513,132.93840395545493,75.30705605101429,529.5929023612588,62.330483803890765,199.2865394390278,459.5037197911372
2024-02-22,47399,2747,172.086,0.9237277958931062,1.0496593855293956,170.2679734335886,0.5542366775358637,297.44681637215143,360.759119502665,134.17792844804492,79.30757364419853,543.2683336874289,72.46986338065898,207.8267456146023,468.79832251032263
2024-02-23,46975,2706,174.704,0.9238216654656985,1.0494390748145117,168.57620604918426,0.5579882859412819,299.1306838127968,361.4978844483861,134.21004009386027,79.39877686011492,538.8531677844909,72.79779391386286,211.27616724867434,469.1600613417586
2024-02-24,47707,2769,174.704,0.9238216654656985,1.0494390748145117,168.57620604918426,0.569997967592336,299.1306838127968,361.4978844483861,134.21004009386027,79.39877686011492,538.8531677844909,72.79779391386286,211.27616724867434,469.1600613417586
2024-02-25,47855,2880,174.704,0.9242656709244506,1.0488116963480376,168.657226833281,0.5601049965802171,299.2744514483244,361.671626892434,134.2745438748914,79.43693735327282,539.1121503965101,72.83278185481635,211.37771040908,469.38554818196945
2024-02-26,50295,2931,174.644,0.9216165153679553,1.0472300764477955,166.93792912768996,0.5843048707432837,299.6783558361366,360.045159209253,127.87152665775771,82.44412699875582,541.3271277821298,72.8912031703608,212.78005621860743,466.34440809179296
2024-02-27,52682,2994,176.514,0.9223986053333088,1.0493729996327195,168.4641140822595,0.5894127088079842,302.0182081484693,359.43752133046775,129.22527741138055,84.7195447040484,554.8098475275106,72.60347006355326,215.67339710182358,467.56016344903287
2024-02-28,57690,3127,179.709,0.9226368962494811,1.0499790004199916,167.39124417585458,0.5941781611846658,304.02454214144024,359.49347234395907,126.78507173501869,82.79466715873967,550.1277852101306,71.62494810167459,212.000738109517,467.0535590718273
2024-02-29,56636,3095,182.962,0.9254289363119805,1.046375355767621,167.21297821540284,0.620037387329027,308.7471543060208,360.90525458550036,129.2148660904329,83.76705102815154,557.2997834496289,73.51477910011289,174.1176035092265,470.39275204057077
2024-03-01,57675,3175,181.373,0.9224496573099522,1.0447355774253535,165.66919110389549,0.6826127464093646,310.5768077707159,360.91488557011996,127.35063233924006,87.61150110232734,571.0479950556698,75.8655806359368,172.13556320163826,473.0469434630605
2024-03-02,57270,3161,181.373,0.9224496573099522,1.0447355774253535,165.66919110389549,0.7029066388701836,310.5768077707159,360.91488557011996,127.35063233924006,87.61150110232734,571.0479950556698,75.8655806359368,172.13556320163826,473.0469434630605
2024-03-03,58271,3220,181.373,0.9223475590071851,1.0440920053875147,165.65085455501344,0.6853042363423385,310.5424325994521,360.8749388944742,127.33653695385495,87.60180411182542,570.984790488752,75.85718370396333,172.1165109436538,472.99458581982867
2024-03-04,62997,3347,181.002,0.9213023530062096,1.0407885013686369,161.3071437784452,0.7241436494628807,311.7834570949494,359.5170533065541,123.59915977225407,88.2211494168156,567.2329605129812,78.5186379466013,163.85178087744836,471.93344511801877
2024-03-05,58807,3280,178.663,0.9211750508949216,1.0425571842615566,156.70753613309137,0.6521919360336045,307.05159501460065,355.7089823779213,123.19426660648323,87.02064353289056,550.8322816584836,79.08628646701733,154.43315493243182,467.1158930331531
2024-03-06,60696,3509,179.513,0.91746486109582,1.0401822399284355,155.14973026533085,0.688098645821865,307.85258174611914,355.24789900546807,121.60629747880655,87.64266578590039,548.0439649161438,81.35032478256082,153.13222503578112,467.76670703512053
2024-03-07,61165,3540,181.729,0.9131419387829643,1.0408751678411208,154.29085397034115,0.692161589597487,310.6837606837606,354.70724669442615,123.45313755570164,90.37913653298268,554.9400978888158,84.6360216232011,153.37862517349694,470.15486887281753
2024-03-08,62516,3564,181.883,0.913934763336593,1.0417860379835189,156.01506164489976,0.6799674639224251,309.99479057184897,354.5491102845079,124.54828774322087,89.20643044499482,552.36937587395,79.91409013224636,148.3105915899723,467.6942339855781
2024-03-09,62588,3579,181.883,0.913934763336593,1.0417860379835189,156.01506164489976,0.6964182896624839,309.99479057184897,354.5491102845079,124.54828774322087,89.20643044499482,552.36937587395,79.91409013224636,148.3105915899723,467.6942339855781
2024-03-10,63127,3549,181.883,0.9138345411179852,1.0413846249973966,155.9979530106279,0.6689268840983651,309.960796498186,354.51023037768783,124.53462975993565,89.19664805490318,552.3088029681346,79.90532674154018,148.29432782900327,467.64294656809443
2024-03-11,66002,3722,180.224,0.9148377535244125,1.0428072370822254,158.04462578561694,0.722721825284286,306.36727076452996,355.3385357106917,127.09474974613252,86.47595348964862,549.3390297230786,78.46160883367335,148.4122990787584,467.70805697609535
2024-03-12,65448,3646,182.716,0.9151642719868216,1.0430356509585497,158.5128580580214,0.6982703395259449,308.5165187151093,357.57847533632287,127.74503523382447,89.1516427198682,558.8697721240962,84.07577560172051,148.07998535737164,472.96238674842135
2024-03-13,66791,3661,183.954,0.9129668684323446,1.0394254056357646,156.26067030027482,0.7112011905087965,311.68323701532876,357.16815936749657,128.51560716861584,85.95309176229996,556.1036399989044,82.92815863712306,148.13526517122696,471.0781225749318
2024-03-14,65619,3569,183.853,0.9188727269385918,1.0391337780825904,159.0440048148931,0.7029376361080227,314.2333385402788,358.4210091060287,132.63652151540492,84.0281542603534,563.3388159406041,80.7033051851988,145.96109492874143,473.1698352461201
2024-03-15,63905,3442,185.065,0.9182314861576603,1.039717196922437,158.46563518663055,0.6877553831320875,318.5042009090492,355.3344658188329,130.53211514622836,85.64896010284191,556.1232266654423,80.6296313300583,143.70965520407694,468.05564482806113
2024-03-16,59997,3238,185.065,0.9182314861576603,1.039717196922437,158.46563518663055,0.6234791791010513,318.5042009090492,355.3344658188329,130.53211514622836,85.64896010284191,556.1232266654423,80.6296313300583,143.70965520407694,468.05564482806113
2024-03-17,62846,3350,185.065,0.9187967437843401,1.0399442589877184,158.56318565207008,0.6394825336739006,318.70027012624274,355.55320751943253,130.61246990940666,85.7016850732281,556.4655726860104,80.67926643267977,143.79812197945571,468.3437769896544
2024-03-18,62217,3241,183.673,0.9196670805168529,1.0362157401170924,159.74249321745526,0.6207752793488758,323.3696601830137,356.5797581275578,136.52089943440473,86.21602979721341,568.4333471283395,81.31843472662895,143.62164896307536,471.6567802455511
2024-03-19,57035,2911,173.446,0.920657717873649,1.0361298477925254,162.1057283323206,0.553315288442063,325.66149257029224,359.92837282954946,136.16159384264117,86.54827008414813,571.1907786922978,82.28525658730598,145.11130751809094,474.8264560201808
2024-03-20,62082,3218,175.423,0.9142857142857143,1.032375289065081,163.34354285714286,0.5979428571428572,325.7197714285714,361.1218285714285,136.84754285714286,88.02377142857142,573.5460571428572,82.5551542857143,148.97097142857143,475.8546285714286
2024-03-21,60342,3219,174.779,0.9206238146968386,1.0255358424776946,157.74612877685922,0.5947229842941577,335.3528751081733,366.09250428090076,136.92161808841672,101.0808123584541,572.9833735339066,84.12163281839776,145.6592587137044,480.6457255436284
2024-03-22,59117,3093,175.577,0.9251121698505943,1.0312574121626499,159.33761968638694,0.5892964521948286,330.98293168046627,364.9447245478514,140.35431796105277,101.91683241593043,580.4486794023775,87.17202460798372,147.06323141680926,482.2026920764142
2024-03-23,59269,3085,175.577,0.9251121698505943,1.0312574121626499,159.33761968638694,0.5957722373837827,330.98293168046627,364.9447245478514,140.35431796105277,101.91683241593043,580.4486794023775,87.17202460798372,147.06323141680926,482.2026920764142
2024-03-24,62226,3200,175.577,0.9252919296037899,1.0308215647871355,159.36858078723836,0.6116179654681052,331.0472454059256,365.0156374336103,140.3815903917686,101.93663600866073,580.5614671428835,87.18896311786368,147.09180746525527,482.29638951089066
2024-03-25,64541,3316,174.453,0.9227475731738826,1.0258198865443207,157.64773188646515,0.6191636215996752,328.2923633410844,362.5899678883845,139.4705274425128,108.05927730410069,578.97427379766,87.64865463403831,145.51452404680177,479.6506477687964
2024-03-26,64656,3318,175.366,0.9231394125140779,1.0215861146015304,156.75461108136554,0.6277348005095731,329.11489393128153,362.6894743644186,140.14733305023725,109.6191126783967,580.9104000886215,85.4445839410668,145.82556357661136,478.848106641065
2024-03-27,64260,3241,176.685,0.9248469378317887,1.0212522595206242,160.30926881601096,0.6122486728446441,337.2139910844755,367.6608771248358,140.50922072397017,110.30279488744613,567.1771821763497,83.48463829236262,147.93574163475944,483.84847307770565
2024-03-28,65638,3304,176.963,0.926629477936952,1.0283622303120052,159.24776218981077,0.6180618617839471,340.1073036935451,368.99961081561923,141.10343038232733,109.4034359421042,563.3221520042996,83.81419225708407,149.70347856706016,485.48527585759564
2024-03-29,64851,3259,176.963,0.9262518293473629,1.0290500838675818,159.18286063614974,0.635408754932291,339.968692688168,368.8492247272188,141.04592356569904,109.35884848372575,563.092569607825,83.78003371556657,149.6424667938719,485.28741594264653
2024-03-30,64563,3253,176.963,0.9262518293473629,1.0290500838675818,159.18286063614974,0.615031214686649,339.968692688168,368.8492247272188,141.04592356569904,109.35884848372575,563.092569607825,83.78003371556657,149.6424667938719,485.28741594264653
2024-03-31,66098,3381,176.963,0.9264921155520967,1.02717916058919,159.22415550243667,0.6161172568421444,340.0568866158949,368.9449107788093,141.08251338781108,109.38721811477384,563.2386458391239,83.80176774695647,149.68128671225008,485.41330813274783
2024-04-01,64935,3266,176.963,0.9313241566859762,1.0290606734173047,158.29344161528863,0.5923221636522809,338.2448264943096,368.0937657160952,145.71218358261777,115.73192765473952,571.7734274591616,84.10760519306349,149.25121537802448,486.3151228416563
2024-04-02,60831,3048,175.389,0.9286689388100036,1.0230283685766606,156.83918239986627,0.5525580185919521,338.5899090833109,363.6175369842405,144.80363295288862,114.018257631337,570.291880647468,83.05606374383595,144.94386196264892,481.82780620536585
2024-04-03,60921,3059,176.712,0.9226624347216328,1.02183664919326,156.54444464948054,0.5388348618774335,346.7513055673451,361.0248934324888,144.27395693011755,118.0795704083704,581.2275101031537,82.02524404421398,141.03356645937515,479.2271779446771
2024-04-04,63273,3074,176.325,0.9227901482923769,1.0235833606288895,155.83803187317173,0.5518285086788414,341.1333708601327,356.2394455876789,140.22349977391642,114.52379414397372,569.3126136185371,79.22854743602758,139.58769736174298,473.4900846198566
2024-04-05,62688,3068,172.433,0.9227050019838159,1.0232063193222283,156.4778504664274,0.5499321811823542,349.8685145372174,358.8648883065596,141.96462349022394,113.99651217509252,586.6152412412227,81.15338125247978,141.51342074425386,478.37364016350335
2024-04-06,62601,3084,172.433,0.9227050019838159,1.0232063193222283,156.4778504664274,0.5573138211982247,349.8685145372174,358.8648883065596,141.96462349022394,113.99651217509252,586.6152412412227,81.15338125247978,141.51342074425386,478.37364016350335
2024-04-07,64084,3193,172.433,0.9233610341643583,1.022369443422075,156.58910433979688,0.5577100646352724,350.1172668513389,359.1200369344414,142.06555863342567,114.07756232686981,587.0323176361958,81.21108033240998,141.6140350877193,478.71375807940905
2024-04-08,65985,3405,173.824,0.9206238146968386,1.0172422562433243,155.1582552337464,0.5790723794443114,343.7664561506877,358.2119644270958,143.7986779842021,113.21555485997312,578.3883559499917,80.20262930161478,142.52913774373516,477.4787796210713
2024-04-09,63691,3232,173.399,0.9208951100469656,1.0197942055293243,156.2455106363385,0.5580624366884611,342.3123676213279,358.1232157657243,145.60825122018602,112.92660465972925,568.9253154065752,78.52712036099088,143.17800902477208,478.2272769131596
2024-04-10,65796,3304,174.339,0.9309946747104607,1.019523882346944,156.19018359214985,0.5595277995009869,346.1410270733252,358.0205191226307,146.71265780359735,113.72751647860574,575.36960488586,80.97577551856403,142.36491267269952,478.73235765091425
2024-04-11,65327,3269,173.206,0.9322966194924578,1.024737154919763,163.0922414275326,0.5603102683149671,346.65212283940264,358.46525330499156,149.86388469355413,118.83705319684512,585.4608342190152,84.4629039175104,148.47569502712986,482.90820607484477
2024-04-12,63186,3049,172.284,0.9394787771744237,1.027875997039717,165.88094924935646,0.492286879239398,343.2921215309746,356.83940549782983,149.56126341105954,115.09178707652995,584.7099829014862,82.78846695853142,148.87638338249943,479.8350275267282
2024-04-13,60189,2831,172.284,0.9394787771744237,1.027875997039717,165.88094924935646,0.4377971101632815,343.2921215309746,356.83940549782983,149.56126341105954,115.09178707652995,584.7099829014862,82.78846695853142,148.87638338249943,479.8350275267282
2024-04-14,61779,2968,172.284,0.9392934634567879,1.0279816608071712,165.84822896217466,0.4527394493861717,343.2244066013545,356.76901834440133,149.5317622084668,115.06908503423725,584.5946479058452,82.77213679870002,148.8470172736068,479.74037928670054
2024-04-15,59754,2923,175.417,0.9411853288030947,1.0321408665854714,162.53047087502003,0.44800421651027306,342.35333979613927,355.1346365612853,147.1420907490894,114.2278986155164,571.3616128151795,80.90494969364418,142.56793005110637,474.83364549313404
2024-04-16,60129,2908,172.963,0.9415132000150642,1.031661697496157,159.43302075095093,0.44533574360712536,338.54649192181677,355.8609196700938,146.84404775354952,114.60757729823374,580.5718751176892,82.28608820095658,141.21568184385944,474.04813015478476
2024-04-17,57479,2802,172.995,0.9372773966183031,1.029293698663977,157.4410452517527,0.4302103250478011,335.57998725302735,353.71630487759154,147.01758332396054,108.97443107262023,574.9690698459116,78.73195741011509,139.00479886027065,469.0670340794061
2024-04-18,59716,2883,175.665,0.9396200176648564,1.0297918790612417,156.91278446996037,0.444440268355477,336.29564204235805,354.9950200139064,147.94035292127865,105.13032529645011,573.9170879296413,79.5620431097664,139.37101836017516,469.33644034352506
2024-04-19,59997,2875,173.239,0.9382799452044512,1.0313744095381505,154.77490664114544,0.4597571731501811,332.5142149411699,356.3362044699657,146.0770515491002,100.17733490964365,520.7228508697856,71.45714875490252,136.45217587119294,464.61371014655936
2024-04-20,61053,2968,173.239,0.9382799452044512,1.0313744095381505,154.77490664114544,0.49635009101315475,332.5142149411699,356.3362044699657,146.0770515491002,100.17733490964365,520.7228508697856,71.45714875490252,136.45217587119294,464.61371014655936
2024-04-21,60980,2958,173.239,0.938297552919982,1.029738858225554,154.77781113946853,0.48228494220087076,332.5204548866536,356.3428914577391,146.0797928239003,100.17921483260771,520.7326227293199,71.45848971625882,136.45473652604713,464.622429064705
2024-04-22,62782,3009,174.099,0.938623414899708,1.0293678651939844,155.68664995916987,0.4993476567266447,335.6301448295929,358.93616422155264,148.2518138897493,102.42821877434554,519.2802635654549,74.64843859994932,137.8246463736284,468.98882099512855
2024-04-23,62098,3011,175.337,0.9343524003513165,1.024810666229414,155.94061256143365,0.481191486180928,339.25120998635845,359.73221460205934,149.34315026255302,105.02681591389009,539.3044680731786,76.92112197036234,141.1217834918618,472.4141797320277
2024-04-24,60103,2938,174.372,0.934561970804284,1.0220350762438166,157.89050671950056,0.4570008037232949,339.5515971664081,359.3175828489187,150.4794302910226,104.4064596923422,518.398721519224,74.38337601166334,144.77953683108728,472.3799555148502
2024-04-25,60160,2945,173.703,0.9322444717902822,1.0214608933696974,158.35663944512808,0.45213856881828685,314.95599806093145,355.1068352164671,147.1883506730805,103.99746429503672,526.4999813551104,77.00404594100755,142.0535481224596,469.2704254763769
2024-04-26,59687,2932,177.519,0.9349551688996514,1.0233529134857446,158.21030881569231,0.45345325691633087,320.77096403227466,357.421206653141,162.31476200716176,107.11500883532635,524.234972933048,81.96069448469946,147.72946137232722,475.17881017605214
2024-04-27,59402,3048,177.519,0.9349551688996514,1.0233529134857446,158.21030881569231,0.4562581224230298,320.77096403227466,357.421206653141,162.31476200716176,107.11500883532635,524.234972933048,81.96069448469946,147.72946137232722,475.17881017605214
2024-04-28,58988,3051,177.519,0.9339597089781546,1.02217088652881,158.0418600741564,0.4436308617646234,320.42943467418814,357.0406552661318,162.14194319657048,107.00096197850024,523.6768125823052,81.87342978023928,147.57217173651128,474.6728806119304
2024-04-29,59616,3005,177.685,0.9332711152589829,1.0247056533010892,161.92907139524033,0.4405039664022399,326.3901073261783,358.1679888007466,156.69342043863742,106.68875408306113,521.6397573495101,81.94745683621093,146.83901073261782,476.01213252449844
2024-04-30,56906,2827,175.792,0.9375410174195122,1.0195134881634484,159.3782227972474,0.42751870394329755,313.4265249104649,354.50957229378787,154.31643884419947,105.87369447413326,516.1791453376086,80.93294706643415,145.29729425662376,470.6802797622396
2024-05-01,54414,2775,175.792,0.933079535699623,1.0182469859889216,157.92091217855412,0.4329489045646251,308.74388832904117,353.4570596797671,154.4498563057515,102.34576195274886,514.73052663009,77.4621169708506,145.49229276303512,466.7329153137013
2024-05-02,55098,2787,175.154,0.9319664492078286,1.0244222258646123,161.30195712954335,0.43988816402609504,312.3178005591799,356.2320596458528,157.00559179869526,104.70363466915191,526.631873252563,79.97073625349488,146.95899347623487,470.6300093196645
2024-05-03,58538,2889,177.329,0.9290399301361973,1.026841640482205,170.34597446998274,0.4552295657667367,312.93409390735616,359.2746056225497,156.98545123469407,106.53022166892734,538.1426633716718,82.45470930340586,147.90966015719357,475.0051097196158
2024-05-04,59440,2901,177.329,0.9290399301361973,1.026841640482205,170.34597446998274,0.4496553261859195,312.93409390735616,359.2746056225497,156.98545123469407,106.53022166892734,538.1426633716718,82.45470930340586,147.90966015719357,475.0051097196158
2024-05-05,59552,2918,177.329,0.9294976065436632,1.0261040879986867,170.42989264302645,0.438722870288609,313.08825579774134,359.4515964121393,157.06278756332202,106.58270204954222,538.4077705999907,82.49532927452712,147.98252544499698,475.2391132592834
2024-05-06,58702,2847,179.106,0.92873793801603,1.0242333613290453,168.72103498555813,0.43557809292951805,317.61537247035005,360.76546580851283,157.72384906151032,111.5757896594318,554.4156845262972,85.57456372535363,151.85515403118703,479.76465780650676
2024-05-07,58014,2799,180.529,0.9302239048939079,1.023887290487063,169.6133059227356,0.42418210063162204,320.71887703370203,361.58454339959627,160.8598989776839,110.8705965525902,563.4152240444275,84.1394033543874,147.9307169235635,481.1090129394145
2024-05-08,56960,2770,181.402,0.9304922303898763,1.0249367101581477,170.02512329022053,0.43360937936168237,320.439192332744,363.28929003442823,159.22210849539408,111.01330603889457,566.7497906392482,84.10412208058062,146.67069879966505,481.22918023634503
2024-05-09,58531,2819,183.974,0.9274803142303305,1.0238558410975735,171.21008356597633,0.44333559020209795,326.1354677746965,365.45228577523443,159.1611868038101,109.27202070136062,567.6986430963003,82.2876301950491,144.4439291776032,482.3973511162226
2024-05-10,56510,2706,188.116,0.9282379259451783,1.0247581570749302,169.85547335493033,0.43627182519423374,329.1503838263824,366.762584585681,158.0390045576482,112.50800605211128,566.4079976979699,83.39438044759633,145.73056965961516,483.441163639064
2024-05-11,56526,2707,188.116,0.9282379259451783,1.0247581570749302,169.85547335493033,0.42698944593478205,329.1503838263824,366.762584585681,158.0390045576482,112.50800605211128,566.4079976979699,83.39438044759633,145.73056965961516,483.441163639064
2024-05-12,57102,2722,188.116,0.9284706231894823,1.0242858167142959,169.89805392557378,0.419668721681646,329.2328975711208,366.8545272227587,158.0786228923717,112.53621035430439,566.5499888583525,83.41528634034019,145.76710242887916,483.56235608705344
2024-05-13,58344,2737,188.056,0.9265865478164989,1.0205227117329496,172.60176236761396,0.417890533065241,330.2419317476349,365.4892840265745,158.3230636657617,113.93956802535142,571.0330513421607,83.72978883092576,147.94622091676476,482.6561529979709
2024-05-14,56957,2668,185.566,0.9247272054743851,1.0196590260216982,173.28093212502313,0.4096541520251526,331.0588126502682,365.81838357684484,158.9208433512114,115.46698723876457,567.260958017385,84.42361753282782,148.74884409099317,483.88847789901985
2024-05-15,60868,2789,187.696,0.9183917124331871,1.0196902181117378,174.24370442481128,0.4288889297062984,330.5622394063516,366.7110555994343,159.7055636169939,117.38515511636024,563.1173888286831,86.89326451518102,150.89910548647208,486.5519901548409
2024-05-16,60071,2712,175.217,0.9201409655959294,1.0155480405000559,174.69520330514635,0.4361468176924705,322.66307198262774,367.2899088140303,161.3982462113196,117.62714047792123,561.8159902097002,86.7919285234498,151.8306204510531,486.4573652683592
2024-05-17,61760,2851,173.157,0.9198616528074177,1.0120945296290673,174.65965118846125,0.46453013466774595,327.6142468172787,367.8867098388402,163.0979100743248,115.24670689528294,571.0289572448304,85.06199867539921,148.4537125616307,486.99867539921996
2024-05-18,61627,2876,173.157,0.9198616528074177,1.0120945296290673,174.65965118846125,0.4626904113621311,327.6142468172787,367.8867098388402,163.0979100743248,115.24670689528294,571.0289572448304,85.06199867539921,148.4537125616307,486.99867539921996
2024-05-19,60990,2829,173.157,0.9197432076964113,1.01191018285217,174.6371613045638,0.4433162261096702,327.5720618803231,367.83933925647966,163.07690892702757,115.23186726266029,570.9554292441551,85.05104574802716,148.43459706050072,486.93596747788024
2024-05-20,65814,3374,173.543,0.9207679204456517,1.011695196471207,175.92836425578935,0.4751162469499563,333.8584779706275,366.5724414161411,164.32668845817415,118.77629943372774,589.9148289673589,87.25436213802311,151.59246811841075,488.0033147645136
2024-05-21,64665,3494,173.543,0.9213023530062096,1.011020119300374,177.21895671721543,0.4689428976801607,330.83598975511785,367.3932671224042,165.42628659873594,117.37023456357907,599.3311344917174,87.85603729431924,149.57159440585212,489.4934679663172
2024-05-22,63908,3455,173.732,0.9237704615157226,1.0093771133833311,176.39951224919633,0.46003768983482984,328.6368843069874,366.4107822488268,164.4182093633374,116.62324945497544,591.6158592912834,87.61463991427411,150.82123194028748,489.3831060857999
2024-05-23,62885,3501,177.139,0.9249239250071682,1.0114905324486163,172.84608340963956,0.4439634840034407,324.257054857238,361.3548285653505,161.90515830072977,116.76887076037997,587.868697799606,95.95586263029865,142.66674066058067,486.4332158679949
2024-05-24,63266,3441,177.332,0.9218629005494303,1.0083491308030492,175.11431099966813,0.4443379180648254,321.09037943876984,360.1229765109333,162.60463143921237,119.23098196836166,595.8331796895167,97.93281463180796,143.79033150189906,487.9660016962278
2024-05-25,63927,3460,177.332,0.9218629005494303,1.0083491308030492,175.11431099966813,0.43972860356207827,321.09037943876984,360.1229765109333,162.60463143921237,119.23098196836166,595.8331796895167,97.93281463180796,143.79033150189906,487.9660016962278
2024-05-26,63176,3529,177.332,0.9219393917043893,1.0082068033795093,175.12884102999067,0.4360773322761761,321.117021766989,360.15285755114456,162.61812348456212,119.2408751048706,595.8826186766482,97.9409405625674,143.80226243926725,488.0064904533176
2024-05-27,63937,3586,178.425,0.920674670398468,1.008135654733701,174.88859836488177,0.44468586580246,320.6765117478088,359.6587979671503,162.39504308757458,119.07729984532665,595.0651837666642,97.80658466524268,143.60499373941224,487.3370405833395
2024-05-28,63045,3544,177.523,0.9215400777779825,1.0101010101010102,175.1635733638056,0.43496691671120774,319.2832261275043,358.0984942035129,164.05901542658088,122.22109589546051,597.7072082864884,105.06533719151446,138.8456788985753,488.25681478887515
2024-05-29,62624,3488,175.946,0.9258059140481788,1.0138286224096678,176.21419445627419,0.4304997500324032,312.8825892939804,355.9594126687281,164.22593367526432,121.75921639787434,605.6400096283814,106.14985094524783,137.10907845279314,486.8230044253522
2024-05-30,63136,3464,176.347,0.9232246390191662,1.0220037405336904,176.58240703127888,0.42560655858783564,313.0340854536726,352.12341666974413,160.20347871043984,116.49894752391153,597.7944163373833,102.03995716237677,130.0518852247129,482.4827356992504
2024-05-31,62280,3470,175.899,0.9216080216762207,1.021815766617279,177.28604869776788,0.4322341621661475,312.1735203583212,357.00975061286937,160.29159677805836,115.13188210790187,591.2723720347262,101.05026450150221,125.42808692606862,485.9980093266732
2024-06-01,62522,3522,175.899,0.9216080216762207,1.021815766617279,177.28604869776788,0.43315577018782375,312.1735203583212,357.00975061286937,160.29159677805836,115.13188210790187,591.2723720347262,101.05026450150221,125.42808692606862,485.9980093266732
2024-06-02,62452,3486,175.899,0.921421200058971,1.0222753805420104,177.25011057054402,0.4247751732271856,312.11023883237505,356.937380215244,160.25910364145656,115.10854341736695,591.1525136370337,101.0297803331859,125.40266106442577,485.8994913754976
2024-06-03,63114,3457,177.853,0.9168087720263307,1.0243172925245323,177.92232796083394,0.4327337403964281,303.7442470249555,354.12380585657445,159.92537176595707,117.49546179657847,581.0330601243193,105.38313438582979,125.47169811320754,483.8705832737408
2024-06-04,64870,3505,174.406,0.9189656123067875,1.0325565066548266,178.58810123325188,0.4374276314580309,300.77468801117465,356.0964178720433,160.92558216471542,116.33737065559008,580.1944531235641,106.88461467771876,125.84958370857764,485.5051553970851
2024-06-05,65440,3558,178.255,0.919607879200309,1.0302480837385644,180.11991686744773,0.43773335049934703,302.66686284968085,357.28329440326644,162.8046201099851,122.95617148847732,597.7147744201872,112.48248146990122,123.18791267403579,491.66559379080763
2024-06-06,65012,3504,175.432,0.9181134604614437,1.0319704443664734,178.5427703155556,0.43426766679826284,301.1292795563676,357.4463592210725,163.73360019831247,119.36943967535507,595.1541971556844,111.03728458762932,121.16986017131997,490.865689181869
2024-06-07,64245,3408,173.865,0.9255831173639393,1.0332393085562548,182.21677156608663,0.43594964827841537,304.3557941503147,359.5770085153647,162.86282858200664,121.17363939281746,593.6097741577194,111.82950758978154,121.36060718252499,494.2771195853388
2024-06-08,64315,3416,173.865,0.9255831173639393,1.0332393085562548,182.21677156608663,0.42299148463532027,304.3557941503147,359.5770085153647,162.86282858200664,121.17363939281746,593.6097741577194,111.82950758978154,121.36060718252499,494.2771195853388
2024-06-09,64648,3440,173.865,0.927738451975619,1.0353574571620852,182.6410858250842,0.42583194945680913,305.06452420933493,360.4143279926523,163.242074794274,121.45580717884013,594.9920678362356,112.08991641076545,121.64321034613921,495.4281049086642
2024-06-10,64615,3409,174.364,0.9290571927607864,1.0362694300518136,179.41673789438477,0.4227210227061578,305.6189379018173,361.6689583410755,164.14303764539744,125.279646215021,598.4391839161618,113.02631089969898,117.67159686350291,497.62811698688165
2024-06-11,62730,3260,172.819,0.9310900270947199,1.0371077140071767,192.84364205175,0.40595525181329783,304.4729564901631,361.26851705291386,165.90720756789977,125.73067289876259,603.7718456997608,112.57437081591421,119.47467900671317,499.89851118704667
2024-06-12,63153,3295,178.464,0.9248298313110388,1.0343186942760803,197.08771086120154,0.4180230837525895,303.8223216928085,358.41502663509914,166.02267682746373,130.15685113939034,600.8129254217224,115.67494081089079,120.2907664989642,500.58819177271374
2024-06-13,62206,3234,170.603,0.9313068097153926,1.0417643320727985,199.41793324392788,0.4051184622261958,303.2307033229027,360.3011846222619,164.56843242437787,133.23927134555208,608.1684920280137,120.48968112054835,117.11835046937863,505.15664580539413
2024-06-14,61738,3256,166.075,0.9338812103100486,1.0501443948542923,198.45536047814718,0.40437056406425104,300.12327231976093,360.8946581994771,166.58292865147556,132.01905117669034,625.1176690324991,123.20321255136346,118.73085543518864,506.8425476279417
2024-06-15,61898,3337,166.075,0.9338812103100486,1.0501443948542923,198.45536047814718,0.4053044452745611,300.12327231976093,360.8946581994771,166.58292865147556,132.01905117669034,625.1176690324991,123.20321255136346,118.73085543518864,506.8425476279417
2024-06-16,62297,3389,166.075,0.9343262106531874,1.0489217084836788,198.54992572106627,0.4026945967915238,300.2662829700362,361.0666268020817,166.66230647768364,132.08195909519853,625.415541582188,123.2619196666324,118.7874314438143,507.08406132917247
2024-06-17,61947,3272,168.353,0.9310900270947199,1.0480861946086446,201.74486271077552,0.38733345127140345,300.058658671707,361.82717106917073,166.48541447472556,137.58438003370546,627.2436941927916,121.92344577797229,121.59849535851623,509.3304531615162
2024-06-18,60714,3247,168.375,0.9312114129270768,1.0531969794310632,199.59212940113792,0.3706221423449766,302.52823898609694,362.38743982046236,164.38302587836515,142.89066646800822,638.5102479815993,126.24991851900135,118.73597362809278,510.73779880246207
2024-06-19,60472,3315,168.555,0.930466256641203,1.0521996233125348,199.4324155834489,0.37125603639984,302.2861555925674,362.0974570357206,164.251486419845,142.77632521656602,637.9993114549701,126.14889321038773,118.64096098554987,510.32910591497404
2024-06-20,60608,3284,170.237,0.934038220843997,1.0477347973680902,195.808970503073,0.37268125011675485,307.2957725430125,366.213969475631,165.9664493471073,134.62853299957035,634.0410229586595,122.05637854701014,118.19973473314529,510.8871495021577
2024-06-21,60037,3294,168.134,0.9351125407942845,1.0460688731746097,193.79833362945232,0.3721747912361253,306.35783016486033,365.9067318751812,168.31745200534885,130.42575673982364,641.8294541748099,118.3263355744864,118.95379608935934,508.8106303593637
2024-06-22,60132,3272,168.134,0.9351125407942845,1.0460688731746097,193.79833362945232,0.37872057902168527,306.35783016486033,365.9067318751812,168.31745200534885,130.42575673982364,641.8294541748099,118.3263355744864,118.95379608935934,508.8106303593637
2024-06-23,59147,3203,168.134,0.9356374966083142,1.0461454769900302,193.90712862208667,0.3695768111602841,306.5298140888294,366.1121455103435,168.41194247700673,130.4989754769412,642.1897659970622,118.39276190832625,119.02057466855042,509.09626774202604
2024-06-24,56213,3126,171.109,0.931766722883259,1.0431553362611226,194.00873997186068,0.36525255537023754,307.36841124456083,367.06670517969127,168.4596964304017,129.48482617891787,623.3016222058646,110.00996990393486,116.2360351462408,505.66700520857603
2024-06-25,57739,3172,169.247,0.933776565943301,1.0429812576268005,195.3143091920965,0.37911328577298026,305.780076943189,365.1785380794083,173.2771822358346,131.7437343592425,627.7462368804391,117.67172151047696,115.74814178463376,508.8017779105815
2024-06-26,56998,3158,169.134,0.9363383552280452,1.0438195444771508,199.57771140179216,0.37359900373599003,305.7200910120881,366.27402878304105,173.5475051264525,133.34113615296025,634.1229786795756,118.349422747404,120.41966685081321,510.86246125900055
2024-06-27,57583,3222,173.259,0.9338899317326461,1.0393605853678816,199.91501601621235,0.37915931228345434,305.7144724922721,365.70756170677726,174.52161488246998,123.4658523146462,638.6462331549604,115.7621942677836,124.9703489946675,510.17099524650024
2024-06-28,56370,3154,174.129,0.9331317768695294,1.039015013766949,196.3271933262415,0.380717764962768,310.7758057592893,364.8787861821846,171.1512979863016,122.62844558908608,629.4319093742419,115.19138532743594,125.56874381800198,507.6115559039247
2024-06-29,56893,3154,174.129,0.9331317768695294,1.039015013766949,196.3271933262415,0.37791836963215947,310.7758057592893,364.8787861821846,171.1512979863016,122.62844558908608,629.4319093742419,115.19138532743594,125.56874381800198,507.6115559039247
2024-06-30,58441,3202,174.129,0.9315150160220582,1.0346611484738748,195.98703331097695,0.3791266115209777,310.2373500260824,364.24659065504136,170.85475817870184,122.41597734555481,628.3413443624711,114.991802667859,125.35118116104032,506.7320590207914
2024-07-01,58566,3207,177.423,0.9313935510310526,1.0312255083941757,201.74543151463217,0.38932250433098,306.2487193338673,364.52601382188027,171.76480450049363,122.48477171544064,627.0672279865133,115.70422666393458,132.85211333196727,507.8115977124974
2024-07-02,57756,3182,174.792,0.9303883440948251,1.0295056313958038,204.98036880593958,0.40192776464896446,304.72730317634574,365.85288699503167,173.62535122159989,123.33879161161869,632.1951582590573,114.06281982099327,131.9262760276139,510.75249809270383
2024-07-03,55780,3054,176.692,0.9266638248976037,1.0287007509515482,205.24306392127065,0.39012547028189115,306.48108679133384,364.0371036195489,173.57896102451951,126.6906981485257,631.9263487591971,118.7584558074022,132.19508126841745,510.9494597549901
2024-07-04,52800,2832,177.439,0.9250265945145922,1.0275696949145576,204.88044031265898,0.3487350261320013,305.9395957633782,363.393922575274,173.27228157809537,126.46686092225151,630.8098607834975,118.5486332732066,131.9615188936682,510.0467138430229
2024-07-05,52324,2756,177.009,0.9225177354034632,1.030205629043557,208.74454561388941,0.3431765975700883,302.5913523187483,363.1638668253397,177.0643640623991,121.40056642588955,636.8472033874851,116.03981586546001,131.8812904178083,511.70767258000535
2024-07-06,52152,2762,177.009,0.9225177354034632,1.030205629043557,208.74454561388941,0.3607044345427541,302.5913523187483,363.1638668253397,177.0643640623991,121.40056642588955,636.8472033874851,116.03981586546001,131.8812904178083,511.70767258000535
2024-07-07,51630,2710,177.009,0.9237107307475592,1.031810724640672,209.01449302136544,0.33345957379986885,302.98266194958387,363.6335085304686,177.29334281676353,121.55756103418655,637.670771021347,116.18987797781247,132.05183864620955,512.3694103954406
2024-07-08,52393,2790,177.563,0.9232928315544557,1.0284256859599326,210.2864054363482,0.35454444731691104,303.6026886287255,363.2113971267127,175.84665952653543,120.63467149241053,632.9412416441999,118.3264394135244,130.64408907929237,512.6278760571703
2024-07-09,53712,2838,172.947,0.9246930019233615,1.0302268559536811,211.42828081077081,0.360630270750111,301.399985204912,363.33684716674065,176.12257730433498,121.24204764018347,633.9750702766681,121.45472703062585,126.78188341470633,513.9231025299601
2024-07-10,53319,2865,176.797,0.9230712426385068,1.0265675686773703,214.95190798825854,0.3719977107833183,302.93998190780366,366.63189764986066,177.82598260933779,125.85799472003251,625.3133826868758,124.41800358151643,126.51337530230582,518.0977347831705
2024-07-11,52778,2853,178.717,0.9195994224915628,1.0263041760316922,209.30634615561462,0.3779553626440323,304.2733785163183,365.65755956705266,172.2198210459524,119.7373624049364,599.9613768242555,117.06132808548598,126.92954948824293,511.6807518644879
2024-07-12,53164,2879,184.576,0.9166406951803032,1.0252834908852297,211.27376391002255,0.4024052651841531,307.4293728344364,366.82768988212,171.15240068198068,122.37794929143675,593.4295194969476,118.34381359194822,124.3945588208334,513.0227143564266
2024-07-13,54364,2918,184.576,0.9166406951803032,1.0252834908852297,211.27376391002255,0.4253212825636607,307.4293728344364,366.82768988212,171.15240068198068,122.37794929143675,593.4295194969476,118.34381359194822,124.3945588208334,513.0227143564266
2024-07-14,55903,2986,184.576,0.9186279373128294,1.0241809113161748,211.73179738742212,0.4106266879788348,308.09586801153796,367.6229583494093,171.5234525712396,122.64326002682392,594.7160521045765,118.60037847471015,124.66424148891214,514.1349280714325
2024-07-15,59464,3199,181.106,0.9175743005789894,1.0246846532979474,215.0583118468018,0.4220841782663351,317.2109411559601,369.1373884000257,172.67555490305827,120.08845416257581,602.2278704018057,117.81378747144048,122.60352532046281,515.1592450198655
2024-07-16,59726,3162,181.369,0.9172460604281705,1.0266308030306142,215.3391058685403,0.41551246537396125,330.60850103648806,375.72783474894976,170.10053016822295,116.87182403551577,601.7748711269286,115.89037075085763,124.87204417457028,518.0660784061932
2024-07-17,58617,3099,178.063,0.9140433622171037,1.0360547036883547,209.17608131329752,0.41131951299769665,326.39300208401886,376.5182260246426,166.8823809001499,109.16145661950205,591.8028591276371,107.8178128770429,123.46623523819972,509.0828488903514
2024-07-18,58728,3146,170.662,0.9173891105912573,1.0337413165729408,205.63827347369389,0.4018164304389707,326.60611898536763,373.0260079812853,164.3566808861979,107.68863813586533,589.2729691298564,111.20315581854044,119.05600660520159,507.0372918673456
2024-07-19,61389,3227,170.662,0.9186110600771633,1.0340833884844474,206.12346132647437,0.4234796986955723,319.2605180966379,370.14238471431196,164.77769612346134,104.92099944883336,581.7986404556311,108.34741870292119,119.2237736542348,504.31379753812234
2024-07-20,61768,3237,170.662,0.9186110600771633,1.0340833884844474,206.12346132647437,0.4207238655153408,319.2605180966379,370.14238471431196,164.77769612346134,104.92099944883336,581.7986404556311,108.34741870292119,119.2237736542348,504.31379753812234
2024-07-21,62579,3247,170.662,0.9175069501151472,1.0332179573280984,205.8757145085374,0.42297070400308284,318.87678799166906,369.69749795854705,164.57964419080477,104.79489132130176,581.099356827628,108.21719224523126,119.08047453459461,503.7076455854153
2024-07-22,62069,3162,173.454,0.9183495422027532,1.0323006885445594,205.61570745056983,0.40499214811141415,319.13748610996316,371.111478450928,168.35826652340413,105.85447833154255,594.5734725551239,113.44096389967949,119.96216399886123,509.3037992120561
2024-07-23,60810,3213,174.224,0.9216759755940201,1.0338802559887514,207.35497428524027,0.3917122896274585,317.1265829784881,371.9303581632841,169.19851057162342,105.3171487032019,591.9887924201367,112.82880790429316,122.16538553706059,510.3559512617744
2024-07-24,60353,3081,171.094,0.9226624347216328,1.0424702374747201,201.63495783432674,0.3884408850178074,309.9739809193409,367.8442914875164,160.8726541307597,101.72999206510306,586.3759664889003,105.4935321363326,115.83842335443155,499.3329150596963
2024-07-25,60673,2929,168.425,0.9215315854950928,1.0463972542536049,200.40178777127585,0.37690641846749295,317.280560291204,368.1122425471133,155.8825968760079,99.02501958254618,583.9072939224991,103.45666497719209,119.29871446343822,496.1037644565267
2024-07-26,62638,3022,169.672,0.9210477839590318,1.042589793045926,200.82157462329147,0.40526102494197397,322.8060641786096,373.8873742769775,155.350366577018,100.76815385182184,581.4077294330029,104.12997826327229,118.70279630107208,501.3318350956048
2024-07-27,62588,2996,169.672,0.9210477839590318,1.042589793045926,200.82157462329147,0.40341892937405593,322.8060641786096,373.8873742769775,155.350366577018,100.76815385182184,581.4077294330029,104.12997826327229,118.70279630107208,501.3318350956048
2024-07-28,62914,3016,169.672,0.9214042200313278,1.0417860379835189,200.8992905187506,0.3888325808532203,322.9309868239196,374.0320648668571,155.41048558002396,100.80715009674745,581.6327282778956,104.17027549986179,118.74873306919746,501.5258453883719
2024-07-29,61750,3070,167.909,0.9242827565808932,1.0430247718383312,201.7117716651878,0.38635019225081335,318.3849083111505,374.7291851523218,158.20578231292518,99.62104406980183,578.8930789707188,103.15550133096717,119.5716873706004,503.48177314404023
2024-07-30,61222,3035,168.404,0.9245647611386939,1.0482290170756507,202.21803086197173,0.38461894063369667,315.85536108876744,376.61868175556356,158.89200159025137,94.55153986260967,575.5378655497924,95.88383768341052,118.7020959883135,501.046607309609
2024-07-31,59735,2989,169.657,0.9238728750923872,1.0520225132817842,205.06929046563192,0.37232076866223207,319.7126755358463,377.379896526238,159.91869918699186,101.39227642276423,580.1515151515151,108.09866962305986,120.38802660753879,508.50517368810046
2024-08-01,60578,2971,164.439,0.9270675924981691,1.062044648357017,202.40388626734776,0.37731651014675477,306.9947249853987,373.85483975636663,159.84221309575682,94.08438169226919,578.8582235530793,101.33405026560486,114.58370029758869,503.3763801718783
2024-08-02,56361,2741,157.135,0.9164894787007845,1.0687642947224418,201.36740230222156,0.3537649387785028,293.87785028227876,363.9993767871544,154.29741916562796,84.93749541755261,561.94277439695,98.29074712222302,109.70104113204779,488.412823520786
2024-08-03,55668,2664,157.135,0.9164894787007845,1.0687642947224418,201.36740230222156,0.352848449299802,293.87785028227876,363.9993767871544,154.29741916562796,84.93749541755261,561.94277439695,98.29074712222302,109.70104113204779,488.412823520786
2024-08-04,53317,2467,157.135,0.9165314782736214,1.070285659242452,201.37663028036698,0.32903480070023006,293.8913176973063,364.01605763149934,154.30449008771205,84.9413878119644,561.9685263090362,98.29525145041107,109.70606835491765,488.43520580714346
2024-08-05,49361,2212,154.957,0.9131836320965783,1.068319000053416,191.07089044535965,0.29769786406348453,289.0107481713498,353.4815125973682,146.8180116339595,81.75367784707827,546.3641593688075,91.85348881806642,102.79525509784763,472.56979005908295
2024-08-06,51341,2256,153.532,0.9152396555037936,1.0733759821390236,189.56992888587877,0.3166729208043126,298.32785714939456,356.80251873953193,146.83738937040664,81.32545006910058,557.671081172605,95.19133084998306,105.02100475009381,477.8978775592388
2024-08-07,50495,2147,155.409,0.915105648947171,1.0640901497174842,191.97635367003122,0.31022081499309095,297.8915965848257,354.8569232317871,147.11787475864088,79.4092077930397,558.2117005408273,90.51035442041783,105.2261683611373,474.62595056599287
2024-08-08,56560,2461,159.084,0.9161620140905717,1.0567584989802281,195.4420939798994,0.33531529715714925,307.81761046623484,361.46897417339284,150.0645894219934,84.33454572106533,576.3538584163224,96.22174785389049,111.3484988685399,486.1403010508378
2024-08-09,55815,2386,156.665,0.9158851113716296,1.0588621467371164,197.93834261430246,0.3397933763188746,309.7578399765534,361.86254396248535,151.44709847596718,85.24783851113716,580.4394416764361,95.8904235052755,113.56792203985933,488.0632693434935
2024-08-10,55854,2394,156.665,0.9158851113716296,1.0588621467371164,197.93834261430246,0.33521395076201643,309.7578399765534,361.86254396248535,151.44709847596718,85.24783851113716,580.4394416764361,95.8904235052755,113.56792203985933,488.0632693434935
2024-08-11,53843,2345,156.665,0.9163383121048292,1.059389367968303,198.03628699715935,0.3133877027398516,309.9111151837259,362.0416017593696,151.52203793640612,85.29002107578118,580.7266562814991,95.9378722624393,113.62411802437461,488.30477412260603
2024-08-12,54319,2492,157.234,0.9143860354964658,1.0573507020808661,198.89359289704925,0.32369265656574886,307.3214889862202,360.03584393259143,149.91084736153908,86.55212457595347,578.8127611715113,99.64613260426286,112.43107815257444,487.53783272221864
2024-08-13,55154,2461,158.942,0.9094133374560072,1.0512483574244416,201.07765480488538,0.3219323214594265,307.7973099553478,361.70642318640245,150.89622684406288,88.61050736170097,589.2416402178955,105.5792508252926,115.60189521739527,492.8811123943944
2024-08-14,53340,2420,159.487,0.9081167474890571,1.0498246792785604,201.21778455838282,0.31784086162117,306.3413792477161,363.29846165022974,147.1031075755099,91.13496431101181,600.3805009171979,107.12690023429411,115.49247171216331,493.8030113151346
2024-08-15,52487,2345,162.657,0.9113693324219639,1.0444955086693126,204.63613579403054,0.3089542036910458,315.0576441102757,369.94850763271813,148.6962861699704,97.47641831852359,604.1795397584872,111.89428115743904,115.72385509227614,504.07473228525856
2024-08-16,53496,2358,163.399,0.9067005168192946,1.0470107842110774,204.97415903527065,0.320065282437211,311.239459606492,368.76144709402485,149.36712303926012,97.92002901441653,610.9946504669507,112.92682926829268,116.02774503581468,502.508840330039
2024-08-17,54013,2375,163.399,0.9067005168192946,1.0470107842110774,204.97415903527065,0.32459878502130746,311.239459606492,368.76144709402485,149.36712303926012,97.92002901441653,610.9946504669507,112.92682926829268,116.02774503581468,502.508840330039
2024-08-18,53040,2372,163.399,0.9070459328060374,1.0455329604265775,205.05224584572966,0.316559030549307,311.35802917059726,368.90193019374505,149.42402583266818,97.9573325593208,611.2274145562732,112.96984979319353,116.07194688339018,502.7002757419636
2024-08-19,53674,2381,164.274,0.9020630181224459,1.0458063166701526,203.69124187015706,0.3166241193609785,310.7399622937658,369.02225389465707,151.90470606276554,97.93427568849958,621.040619897706,117.25556347366425,118.48327124132892,504.71959371081664
2024-08-20,53070,2315,163.727,0.8986502273585074,1.0528088941295375,203.54966839806607,0.3217167813943457,308.4410215855784,367.10490842754183,151.83234781358397,97.04254210176313,627.4879131544419,114.38649148978234,118.49422167903808,501.98332105178014
2024-08-21,54863,2361,164.892,0.8964429145152036,1.0532857248185716,202.88027108433735,0.343337636259323,307.36069277108436,366.61467297762476,150.1954245553643,97.07221744119335,624.5401247848537,115.064723178428,121.00007171543317,502.58803069420543
2024-08-22,54355,2362,165.099,0.8995798961884801,1.0561446495712052,202.05194174320593,0.3517357394096957,307.99456653742703,366.6120921529646,148.89576567742864,93.77760585806429,618.1787105421769,111.3562966094834,103.56593470849114,500.38861851515344
2024-08-23,57330,2475,166.862,0.8933357155619082,1.054073995994519,202.54332678220476,0.36984098624262995,311.04788279435417,367.899767732714,149.54975879935682,91.83223155261747,613.0310880829015,115.47882794354119,103.40092906914418,502.1761658031088
2024-08-24,57374,2477,166.862,0.8933357155619082,1.054073995994519,202.54332678220476,0.36984098624262995,311.04788279435417,367.899767732714,149.54975879935682,91.83223155261747,613.0310880829015,115.47882794354119,103.40092906914418,502.1761658031088
2024-08-25,57462,2458,166.862,0.8936949819026767,1.0549636037556704,202.62478216184817,0.356584297779168,311.1729746637473,368.0477233120336,149.6099021403995,91.86916305464945,613.2776263461282,115.5252692256133,103.44251307028912,502.37812234684304
2024-08-26,56330,2404,167.507,0.8956801347102922,1.0573954235926066,203.52181428968086,0.34125413132462135,314.4795650577266,369.689288561269,150.44380950674895,88.58813940365617,616.3864680645248,113.25606599371233,105.42782161634436,502.2669664209517
2024-08-27,56062,2204,167.655,0.8946864571310984,1.0630042626470932,204.0395093539469,0.3265605568528509,314.0680498519294,369.43035313274464,148.84630181352944,87.54149108444946,622.2508521888504,114.82048116237665,103.28976210287104,502.37270848431166
2024-08-28,53242,2281,168.523,0.898908724808083,1.0678284640355373,203.60821962137965,0.32810168455495026,312.8975423835464,369.72655196591336,147.84981033025906,85.23991873865127,614.5713104291391,112.88226093522464,100.1995577369074,501.8751235999497
2024-08-29,53721,2289,169.934,0.9025107850038808,1.0656209373201764,207.31304489088643,0.33573401202144365,317.31918196422447,373.483330625801,147.45852962942908,86.25927329831592,625.1475605133481,106.05945741051606,102.89344957672243,503.8501110088265
2024-08-30,53636,2293,170.664,0.9050265172769562,1.0652009501592474,207.21215631618006,0.3339547848751968,321.688055460025,376.749868771155,149.32666027114595,87.04183032562854,633.8317012688472,107.92984234438069,103.28796133726718,510.2421850960233
2024-08-31,53481,2280,170.664,0.9050265172769562,1.0652009501592474,207.21215631618006,0.330334678806089,321.688055460025,376.749868771155,149.32666027114595,87.04183032562854,633.8317012688472,107.92984234438069,103.28796133726718,510.2421850960233
2024-09-01,51967,2202,170.664,0.9054116454045832,1.0643279833113373,207.30033409689713,0.3132724293099857,321.82494771247747,376.9101922188923,149.39020525682002,87.07887040843119,634.1014242125182,107.97577118436897,103.33191485508885,510.45931532771374
2024-09-02,53522,2299,170.436,0.903570912245193,1.0612669404735373,206.87888535492266,0.31715339019806277,321.17066647390493,376.1439207749024,149.08648980772014,86.90183605609369,632.812274107272,107.75625271071274,103.12183750180715,509.4215339019807
2024-09-03,52117,2200,168.494,0.9050756643255375,1.064974067881447,201.61103468249945,0.301390196220404,307.93117804648466,371.35888060241837,143.57758308594597,80.05032220693649,611.249185431902,97.76265295778727,99.41984649916732,499.72485699804497
2024-09-04,52463,2221,166.406,0.9025026398202214,1.0667121797196681,199.1976751531998,0.30504589225923484,303.59827802496324,370.3843758742994,142.40318402931328,80.5276030432389,613.2658863027175,95.77899515356083,99.90523722281887,497.1489941608079
2024-09-05,50689,2139,165.184,0.8999847002600956,1.0665870281685634,200.1358976897393,0.30599479808843255,300.06929882192003,367.60505071413786,142.70787396614259,80.43793255514656,615.1359426889743,96.4477603880734,100.4985915239441,494.5748922268322
2024-09-06,48794,2014,161.083,0.9021037058420236,1.0703200256876806,199.15472882762603,0.304008948868762,296.9418684371955,364.8260744055136,137.2424493919821,77.91199076245806,600.4727023418612,92.76873669397034,97.87554577274204,487.5392415112041
2024-09-07,48952,2056,161.083,0.9021037058420236,1.0703200256876806,199.15472882762603,0.31212788222134014,296.9418684371955,364.8260744055136,137.2424493919821,77.91199076245806,600.4727023418612,92.76873669397034,97.87554577274204,487.5392415112041
2024-09-08,49568,2077,161.083,0.9019735180575097,1.0686386612094851,199.12598766100226,0.3192986253923584,296.89901504491826,364.7734242522639,137.2226431431973,77.90074683407295,600.3860446657285,92.75534870296207,97.86142078868563,487.46888191362694
2024-09-09,51733,2141,162.763,0.9061664627792125,1.0667690764980104,200.19663812242308,0.3244075936749581,302.6659417334964,370.6918580943319,135.48638484889673,78.19038557382991,611.9668343074622,96.43967196774047,99.32218748584114,495.1710389198496
2024-09-10,52345,2170,162.364,0.9074163135304846,1.0718113612004287,199.73775668538966,0.3248550402439135,303.0008257488453,370.4227652604738,136.02714989610084,78.79731041804669,609.644020580202,98.01638793862234,99.7504605137791,497.95105396404807
2024-09-11,52126,2129,161.984,0.9082322168131948,1.0651442205274595,202.03262370122792,0.33422945578725566,303.51849160793427,371.6913100341495,138.1393954806365,82.30127879096128,618.5115890430865,106.305856281334,101.65661556346727,503.43947540507156
2024-09-12,52520,2135,164.124,0.9026003917285701,1.0621348911311737,201.14178949553667,0.3348647453312995,306.4662292063435,371.8596275870784,140.42295854356402,78.68509174932983,619.7317471635782,107.57733028856136,101.63912231137908,504.5689631829301
2024-09-13,54745,2209,164.063,0.9028693186948121,1.0637505717659324,200.82251394933095,0.34579894906011305,311.71202080210907,374.63388649126927,142.93053323461962,82.32904169450514,629.1888622040846,107.4829809133426,102.52713122302679,507.354773470088
2024-09-14,54223,2187,164.063,0.9028693186948121,1.0637505717659324,200.82251394933095,0.33857599451055453,311.71202080210907,374.63388649126927,142.93053323461962,82.32904169450514,629.1888622040846,107.4829809133426,102.52713122302679,507.354773470088
2024-09-15,53373,2092,164.063,0.9019165727170237,1.0634790654145974,200.61059751972942,0.3183765501691094,311.3830890642616,374.2385569334837,142.77970687711388,82.24216459977454,628.5249154453213,107.36956031567081,102.41894024802707,506.81939120631347
2024-09-16,51978,2058,162.839,0.8985129610494631,1.0638297872340425,194.3456579361157,0.30998697156206473,312.51718406038003,374.9997753717597,142.83390987915,78.310795633227,625.559998202974,104.81782649714721,101.29565568983331,505.7253245878071
